adjectives,,,,,,,,,,,,,,cardinal numbers,,,,,,,,,,,,,,pronouns,,,,,,,,,,,,,,participles,,,,,,,,,,,,,,masculine nouns,,,,,,,,,,,,feminine nouns,,,,,,neuter nouns,,,,,,verbs,,,,,,,,,
,,,,,,,,,,,,,,,,,,,,,,,,,,,,,,,,,,,,,,,,,,,,,,,,,,,,,,,,,,,,,,,,,,,,,,,,,,,,,,,,,,,,,,,,,
a adj,masc sg,,masc pl,,fem sg,,fem pl,,neut sg,,neut pl,,,i card,fem sg,,,,,,,,,,,,,ta pron,masc sg,,masc pl,,fem sg,,fem pl,,neut sg,,neut pl,,,a pp,masc sg,,masc pl,,fem sg,,fem pl,,neut sg,,neut pl,,,a masc,masc sg,,masc pl,,,,,,,,,ā f,fem sg,,fem pl,,,aṃ nt,neut sg,,neut pl,,,ati pr,sg,,pl,,reflx sg,,reflx pl,,
nom,o,m.nom.sg,ā,m.nom.pl,ā,f.nom.sg,"ā
āyo",f.nom.pl,aṃ,nt.nom.sg,"ā
āni",nt.nom.pl,,nom,i,f.nom.sg,,,,,,,,,,,,nom,"so
sa",m.nom.sg,"ne
te
se",m.nom.pl,sā,f.nom.sg,"nā
tā
nāyo
tāyo",f.nom.pl,"naṃ
taṃ
tad
se",nt.nom.sg,"ne
te
nāni
tāni",nt.nom.pl,,nom,o,m.nom.sg,"ā
āse",m.nom.pl,ā,f.nom.sg,"ā
āyo",f.nom.pl,aṃ,nt.nom.sg,"ā
āni",nt.nom.pl,,nom,o,m.nom.sg,ā,m.nom.pl,,,,,,,,nom,ā,f.nom.sg,"ā
āyo",f.nom.pl,,nom,aṃ,nt.nom.sg,"ā
āni",nt.nom.pl,,pr 3rd,ati,pr.3.sg,anti,pr.3.pl,ate,pr.reflx.3.sg,"ante
are",pr.reflx.3.pl,
acc,aṃ,m.acc.sg,e,m.acc.pl,aṃ,f.acc.sg,"ā
āyo",f.acc.pl,aṃ,nt.acc.sg,"ā
āni",nt.acc.pl,,acc,iṃ,f.acc.sg,,,,,,,,,,,,acc,"naṃ
taṃ",m.acc.sg,"ne
te
se",m.acc.pl,"naṃ
taṃ",f.acc.sg,"nā
tā
nāyo
tāyo",f.acc.pl,"naṃ
taṃ
tad",nt.acc.sg,"ne
te
nāni
tāni",nt.acc.pl,,acc,aṃ,m.acc.sg,e,m.acc.pl,aṃ,f.acc.sg,"ā
āyo",f.acc.pl,aṃ,nt.acc.sg,"ā
āni",nt.acc.pl,,acc,aṃ,m.acc.sg,e,m.acc.pl,,,,,,,,acc,aṃ,f.acc.sg,"ā
āyo",f.acc.pl,,acc,aṃ,nt.acc.sg,"e
āni",nt.acc.pl,,pr 2nd,asi,pr.2.sg,atha,pr.2.pl,ase,pr.reflx.2.sg,avhe,pr.reflx.2.pl,
instr,ena,m.instr.sg,"ehi
ebhi",m.instr.pl,āya,f.instr.sg,āhi,f.instr.pl,ena,nt.instr.sg,"ehi
ebhi",nt.instr.pl,,instr,iyā,f.instr.sg,,,,,,,,,,,,instr,"nena
tena",m.instr.sg,"nehi
tehi",m.instr.pl,"nāya
tāya",f.instr.sg,"nāhi
tāhi",f.instr.pl,"nena
tena",nt.instr.sg,"nehi
tehi",nt.instr.pl,,instr,ena,m.instr.sg,"ehi
ebhi",m.instr.pl,āya,f.instr.sg,āhi,f.instr.pl,ena,nt.instr.sg,"ehi
ebhi",nt.instr.pl,,instr,ena,m.instr.sg,"ehi
ebhi",m.instr.pl,,,,,,,,instr,āya,f.instr.sg,āhi,f.instr.pl,,instr,ena,nt.instr.sg,"ehi
ebhi",nt.instr.pl,,pr 1st,āmi,pr.1.sg,āma,pr.1.pl,e,pr.reflx.1.sg,āmhe,pr.reflx.1.pl,
dat,"āya
assa",m.dat.sg,ānaṃ,m.dat.pl,āya,f.dat.sg,ānaṃ,f.dat.pl,"āya
assa",nt.dat.sg,ānaṃ,nt.dat.pl,,dat,iyā,f.dat.sg,,,,,,,,,,,,dat,"nassa
tassa",m.dat.sg,"nesaṃ
nesānaṃ
tesaṃ
tesānaṃ",m.dat.pl,"tissā
tissāya
tassā
tassāya",f.dat.sg,"tāsaṃ
tasānaṃ
nāsaṃ
nāsānaṃ",f.dat.pl,"nassa
tassa",nt.dat.sg,"nesaṃ
nesānaṃ
tesaṃ
tesānaṃ",nt.dat.pl,,dat,"āya
assa",m.dat.sg,ānaṃ,m.dat.pl,āya,f.dat.sg,ānaṃ,f.dat.pl,"āya
assa",nt.dat.sg,ānaṃ,nt.dat.pl,,dat,"āya
assa",m.dat.sg,ānaṃ,m.dat.pl,,,,,,,,dat,āya,f.dat.sg,ānaṃ,f.dat.pl,,dat,"āya
assa",nt.dat.sg,ānaṃ,nt.dat.pl,,imp 3rd,atu,imp.3.sg,antu,imp.3.pl,ataṃ,imp.reflx.3.sg,antaṃ,imp.reflx.3.pl,
abl,"ā
amhā
asmā",m.abl.sg,"ehi
ebhi",m.abl.pl,āya,f.abl.sg,āhi,f.abl.pl,"ā
amhā
asmā",nt.abl.sg,"ehi
ebhi",nt.abl.pl,,abl,iyā,f.abl.sg,,,,,,,,,,,,abl,"namhā
nasmā
tamhā
tasmā",m.abl.sg,"nehi
tehi",m.abl.pl,"nāya
tāya",f.abl.sg,"nāhi
tāhi",f.abl.pl,"namhā
nasmā
tamhā
tasmā",nt.abl.sg,"nehi
tehi",nt.abl.pl,,abl,"ā
amhā
asmā",m.abl.sg,"ehi
ebhi",m.abl.pl,āya,f.abl.sg,āhi,f.abl.pl,"ā
amhā
asmā",nt.abl.sg,"ehi
ebhi",nt.abl.pl,,abl,"ā
amhā
asmā",m.abl.sg,"ehi
ebhi",m.abl.pl,,,,,,,,abl,āya,f.abl.sg,āhi,f.abl.pl,,abl,"ā
amhā
asmā",nt.abl.sg,"ehi
ebhi",nt.abl.pl,,imp 2nd,"āhi
a",imp.2.sg,atha,imp.2.pl,assu,imp.reflx.2.sg,avho,imp.reflx.2.pl,
gen,assa,m.gen.sg,ānaṃ,m.gen.pl,āya,f.gen.sg,ānaṃ,f.gen.pl,assa,nt.gen.sg,ānaṃ,nt.gen.pl,,gen,iyā,f.gen.sg,,,,,,,,,,,,gen,"nassa
tassa",m.gen.sg,"nesaṃ
nesānaṃ
tesaṃ
tesānaṃ",m.gen.pl,"tissā
tissāya
tassā
tassāya",f.gen.sg,"tāsaṃ
tasānaṃ
nāsaṃ
nāsānaṃ",f.gen.pl,"nassa
tassa",nt.gen.sg,"nesaṃ
nesānaṃ
tesaṃ
tesānaṃ",nt.gen.pl,,gen,assa,m.gen.sg,ānaṃ,m.gen.pl,āya,f.gen.sg,ānaṃ,f.gen.pl,assa,nt.gen.sg,ānaṃ,nt.gen.pl,,gen,assa,m.gen.sg,ānaṃ,m.gen.pl,,,,,,,,gen,āya,f.gen.sg,ānaṃ,f.gen.pl,,gen,assa,nt.gen.sg,ānaṃ,nt.gen.pl,,imp 1st,āmi,imp.1.sg,āma,imp.1.pl,e,imp.reflx.1.sg,āmase,imp.reflx.1.pl,
loc,"e
amhi
asmiṃ",m.loc.sg,esu,m.loc.pl,"āya
āyaṃ",f.loc.sg,āsu,f.loc.pl,"e
amhi
asmiṃ",nt.loc.sg,esu,nt.loc.pl,,loc,"iyā 
iyaṃ",f.loc.sg,,,,,,,,,,,,loc,"namhi
nasmiṃ
tamhi
tasmiṃ",m.loc.sg,"nesu
tesu",m.loc.pl,"tissaṃ
tassaṃ
tāyaṃ
nāyaṃ",f.loc.sg,"nāsu
tāsu",f.loc.pl,"namhi
nasmiṃ
tamhi
tasmiṃ",nt.loc.sg,"nesu
tesu",nt.loc.pl,,loc,"e
amhi
asmiṃ",m.loc.sg,esu,m.loc.pl,"āya
āyaṃ",f.loc.sg,āsu,f.loc.pl,"e
amhi
asmiṃ",nt.loc.sg,esu,nt.loc.pl,,loc,"e
amhi
asmiṃ",m.loc.sg,esu,m.loc.pl,,,,,,,,loc,"āya
āyaṃ",f.loc.sg,āsu,f.loc.pl,,loc,"e
amhi
asmiṃ",nt.loc.sg,esu,nt.loc.pl,,opt 3rd,"eyya
e",opt.3.sg,eyyuṃ,opt.3.pl,etha,opt.reflx.3.sg,eraṃ,opt.reflx.3.pl,
voc,"a
ā",m.voc.sg,ā,m.voc.pl,e,f.voc.sg,"ā
āyo",f.voc.pl,"a
ā",nt.voc.sg,āni,nt.voc.pl,,in comps,"i
ī",,,,,,,,,,,,,in comps,,,,,,,,,,,,,,voc,"a
ā",m.voc.sg,ā,m.voc.pl,e,f.voc.sg,"ā
āyo",f.voc.pl,"a
ā",nt.voc.sg,āni,nt.voc.pl,,voc,"a
ā",m.voc.sg,ā,m.voc.pl,,,,,,,,voc,e,f.voc.sg,"ā
āyo",f.voc.pl,,voc,"a
ā",nt.voc.sg,āni,nt.voc.pl,,opt 2nd,"eyyāsi
e",opt.2.sg,"eyyātha
etha",opt.2.pl,etho,opt.reflx.2.sg,"eyyavho
eyyāvho",opt.reflx.2.pl,
in comps,a,,,,,,,,,,,,,,,,,,,,,,,,,,,,,,,,,,,,,,,,,,,,,,,,,,,,,,,in comps,a,,,,,,,,,,,in comps,"a
ā",,,,,in comps,a,,,,,opt 1st,"eyyāmi
e",opt.1.sg,"eyyāma
ema
emu",opt.1.pl,eyyaṃ,opt.reflx.1.sg,eyyāmhe,opt.reflx.1.pl,
,,,,,,,,,,,,,,eka card,masc sg,,masc pl,,fem sg,,fem pl,,neut sg,,neut pl,,,a pron,masc sg,,masc pl,,fem sg,,fem pl,,neut sg,,neut pl,,,present participle,,,,,,,,,,,,,,,,,,,,,,,,,,,,,,,,,,,,,,fut 3rd,issati,fut.3.sg,issanti,fut.3.pl,issate,fut.reflx.3.sg,issante,fut.reflx.3.pl,
ī adj,masc sg,,masc pl,,fem sg,,fem pl,,neut sg,,neut pl,,,nom,eko,m.nom.sg,eke,m.nom.pl,ekā,f.nom.sg,ekā,f.nom.pl,ekaṃ,nt.nom.sg,ekāni,nt.nom.pl,,nom,o,m.nom.sg,e,m.nom.pl,ā,f.nom.sg,"ā
āyo",f.nom.pl,aṃ,nt.nom.sg,"e
āni",nt.nom.pl,,,,,,,,,,,,,,,,ī masc,masc sg,,masc pl,,,,,,,,,i f,fem sg,,fem pl,,,uṃ nt,neut sg,,neut pl,,,fut 2nd,issasi,fut.2.sg,issatha,fut.2.pl,issase,fut.reflx.2.sg,issavhe,fut.reflx.2.pl,
nom,ī,m.nom.sg,"ī
ino",m.nom.pl,inī,f.nom.sg,iniyo,f.nom.pl,"i
iṃ",nt.nom.sg,"ini
ī",nt.nom.pl,,acc,ekaṃ,m.acc.sg,eke,m.acc.pl,ekaṃ,f.acc.sg,ekā,f.acc.pl,ekaṃ,nt.acc.sg,ekāni,nt.acc.pl,,acc,aṃ,m.acc.sg,e,m.acc.pl,aṃ,f.acc.sg,"ā
āyo",f.acc.pl,aṃ,nt.acc.sg,"e
āni",nt.acc.pl,,anta prp,masc sg,,masc pl,,fem sg,,fem pl,,neut sg,,neut pl,,,nom,ī,m.nom.sg,"ī
ino",m.nom.pl,,,,,,,,nom,i,f.nom.sg,"ī
iyo",f.nom.pl,,nom,u,nt.nom.sg,"ū
ūni",nt.nom.pl,,fut 1st,issāmi,fut.1.sg,issāma,fut.1.pl,issaṃ,fut.reflx.1.sg,issāmhe,fut.reflx.1.pl,
acc,inaṃ,m.acc.sg,"ī
ino",m.acc.pl,iniṃ,f.acc.sg,iniyo,f.acc.pl,"i
iṃ",nt.acc.sg,"ini
ī",nt.acc.pl,,instr,ekena,m.instr.sg,ekehi,m.instr.pl,ekāya,f.instr.sg,ekāhi,f.instr.pl,ekena,nt.instr.sg,ekehi,nt.instr.pl,,instr,ena,m.instr.sg,ehi,m.instr.pl,āya,f.instr.sg,āhi,f.instr.pl,ena,nt.instr.sg,ehi,nt.instr.pl,,nom,"aṃ
anto",m.nom.sg,"anto
antā",m.nom.pl,antī,f.nom.sg,"antī
antiyo",f.nom.pl,aṃ,nt.nom.sg,"antā
antāni",nt.nom.pl,,acc,"inaṃ
iṃ",m.acc.sg,"ī
ino",m.acc.pl,,,,,,,,acc,iṃ,f.acc.sg,"ī
iyo",f.acc.pl,,acc,uṃ,nt.acc.sg,"ū
ūni",nt.acc.pl,,,,,,,,,,,
instr,inā,m.instr.sg,"ihiīhi
ibhi",m.instr.pl,iniyā,f.instr.sg,inīhi,f.instr.pl,inā,nt.instr.sg,"ihi
īhi",nt.instr.pl,,dat,ekassa,m.dat.sg,ekesaṃ,m.dat.pl,"ekāya
ekissā",f.dat.sg,ekāsaṃ,f.dat.pl,ekassa,nt.dat.sg,ekesaṃ,nt.dat.pl,,dat,assa,m.dat.sg,"esaṃ
esānaṃ",m.dat.pl,"assa
āya",f.dat.sg,"āsaṃ
āsānaṃ",f.dat.pl,assa,nt.dat.sg,"esaṃ
esānaṃ",nt.dat.pl,,acc,antaṃ,m.acc.sg,ante,m.acc.pl,antiṃ,f.acc.sg,"antī
antiyo",f.acc.pl,antaṃ,nt.acc.sg,"ante
antāni",nt.acc.pl,,instr,inā,m.instr.sg,"īhi
ibhi",m.instr.pl,,,,,,,,instr,iyā,f.instr.sg,"īhi
ibhi
ībhi",f.instr.pl,,instr,"unā
usā",nt.instr.sg,ūhi,nt.instr.pl,,eti pr,sg,,pl,,relfx sg,,relfx pl,,
dat,ino,m.dat.sg,"inaṃ
īnaṃ",m.dat.pl,iniyā,f.dat.sg,inīnaṃ,f.dat.pl,ino,nt.dat.sg,"inaṃ
īnaṃ",nt.dat.pl,,abl,"ekamhā
ekasmā",m.abl.sg,ekehi,m.abl.pl,ekāya,f.abl.sg,ekāhi,f.abl.pl,"ekamhā
ekasmā",nt.abl.sg,ekehi,nt.abl.pl,,abl,"amhā
asmā
ato",m.abl.sg,ehi,m.abl.pl,āya,f.abl.sg,āhi,f.abl.pl,"amhā
asmā",nt.abl.sg,ehi,nt.abl.pl,,instr,"atā
antena",m.instr.sg,antehi,m.instr.pl,antiyā,f.instr.sg,antīhi,f.instr.pl,"atā
antena",nt.instr.sg,antehi,nt.instr.pl,,dat,"ino
issa",m.dat.sg,īnaṃ,m.dat.pl,,,,,,,,dat,iyā,f.dat.sg,īnaṃ,f.dat.pl,,dat,"uno
ussa",nt.dat.sg,ūnaṃ,nt.dat.pl,,pr 3rd,eti,pr.3.sg,enti,pr.3.pl,,pr.reflx.3.sg,,pr.reflx.3.pl,
abl,"inā
ismā
imhā",m.abl.sg,"ihi
īhi",m.abl.pl,iniyā,f.abl.sg,inīhi,f.abl.pl,"inā
ito
ismā
imhā",nt.abl.sg,"ihi
īhi",nt.abl.pl,,gen,ekassa,m.gen.sg,ekesaṃ,m.gen.pl,"ekāya
ekissā",f.gen.sg,ekāsaṃ,f.gen.pl,ekassa,nt.gen.sg,ekesaṃ,nt.gen.pl,,gen,assa,m.gen.sg,"esaṃ
esānaṃ",m.gen.pl,"assa
āya",f.gen.sg,"āsaṃ
āsānaṃ",f.gen.pl,assa,nt.gen.sg,"esaṃ
esānaṃ",nt.gen.pl,,dat,"ato
antassa",m.dat.sg,"ataṃ
antānaṃ",m.dat.pl,antiyā,f.dat.sg,antīnaṃ,f.dat.pl,"ato
antassa",nt.dat.sg,"ataṃ
antānaṃ",nt.dat.pl,,abl,"inā
imhā
ismā",m.abl.sg,"īhi
ibhi",m.abl.pl,,,,,,,,abl,iyā,f.abl.sg,"īhi
ibhi
ībhi",f.abl.pl,,abl,"unā
umhā
usmā",nt.abl.sg,ūhi,nt.abl.pl,,pr 2nd,esi,pr.2.sg,etha,pr.2.pl,,pr.reflx.2.sg,,pr.reflx.2.pl,
gen,ino,m.gen.sg,"inaṃ
īnaṃ",m.gen.pl,iniyā,f.gen.sg,inīnaṃ,f.gen.pl,"ino
issa",nt.gen.sg,"inaṃ
īnaṃ",nt.gen.pl,,loc,"ekamhi
ekasmiṃ",m.loc.sg,ekesu,m.loc.pl,"ekāya
ekāyaṃ
ekissaṃ",f.loc.sg,ekāsu,f.loc.pl,"ekamhi
ekasmiṃ",nt.loc.sg,ekesu,nt.loc.pl,,loc,amhiasmiṃ,m.loc.sg,esu,m.loc.pl,"assaṃ
āyaṃ
āya",f.loc.sg,āsu,f.loc.pl,"amhi
asmiṃ",nt.loc.sg,esu,nt.loc.pl,,abl,"atā
antamhā
antasmā",m.abl.sg,antehi,m.abl.pl,antiyā,f.abl.sg,antīhi,f.abl.pl,"atā
antamhā
antasmā",nt.abl.sg,antehi,nt.abl.pl,,gen,"ino
issa",m.gen.sg,īnaṃ,m.gen.pl,,,,,,,,gen,iyā,f.gen.sg,īnaṃ,f.gen.pl,,gen,"uno
ussa",nt.gen.sg,ūnaṃ,nt.gen.pl,,pr 1st,emi,pr.1.sg,ema,pr.1.pl,,pr.reflx.1.sg,,pr.reflx.1.pl,
loc,"ini
ismiṃ
imhi",m.loc.sg,"isu
īsu",m.loc.pl,"iniyā
iniyāṃ",f.loc.sg,inīsu,f.loc.pl,"ismiṃ
imhi",nt.loc.sg,"isu
īsu",nt.loc.pl,,in comps,eka,,,,,,,,,,,,,in comps,a,,,,,,,,,,,,,gen,"ato
antassa",m.gen.sg,"ataṃ
antānaṃ",m.gen.pl,antiyā,f.gen.sg,antīnaṃ,f.gen.pl,atoantassa,nt.gen.sg,"ataṃ
antānaṃ",nt.gen.pl,,loc,"ini
imhi
ismiṃ",m.loc.sg,īsu,m.loc.pl,,,,,,,,loc,"iyā
iyaṃ",f.loc.sg,"isu
īsu",f.loc.pl,,loc,"umhi
usmiṃ",nt.loc.sg,ūsu,nt.loc.pl,,imp 3rd,etu,imp.3.sg,entu,imp.3.pl,etaṃ,imp.reflx.3.sg,entaṃ,imp.reflx.3.pl,
voc,ī,m.voc.sg,ino,m.voc.pl,inī,f.voc.sg,iniyo,f.voc.pl,"i
iṃ",nt.voc.sg,"ini
ī",nt.voc.pl,,,,,,,,,,,,,,,,,,,,,,,,,,,,,,loc,"ati
ante
antamhi
antasmiṃ",m.loc.sg,antesu,m.loc.pl,"antiyā
antiyaṃ",f.loc.sg,antīsu,f.loc.pl,"ati
ante
antamhi
antasmiṃ",nt.loc.sg,antesu,nt.loc.pl,,voc,ī,m.voc.sg,"ī
ino",m.voc.pl,,,,,,,,voc,i,f.voc.sg,"ī
iyo",f.voc.pl,,voc,u,nt.voc.sg,"ū
ūni",nt.voc.pl,,imp 2nd,ehi,imp.2.sg,etha,imp.2.pl,essu,imp.reflx.2.sg,evho,imp.reflx.2.pl,
in comps,ī,,,,,,,,,,,,,ā card,fem sg,,,,,,,,,,,,,ahaṃ pron,masc sg,,masc pl,,,amha pron,masc sg,,masc pl,,,,,voc,"aṃ
a
ā",m.voc.sg,"anto
antā",m.voc.pl,antiantī,f.voc.sg,"antī
antiyo",f.voc.pl,"aṃ
a
ā",nt.voc.sg,"anto
antā",nt.voc.pl,,in comps,"i
ī",,,,,,,,,,,in comps,i,,,,,in comps,u,,,,,imp 1st,emi,imp.1.sg,ema,imp.1.pl,e,imp.reflx.1.sg,emase,imp.reflx.1.pl,
,,,,,,,,,,,,,,nom,"aṃ 
ā",f.nom.sg,,,,,,,,,,,,nom,ahaṃ,1.nom.sg,"mayaṃ
amhe",1.nom.pl,,nom,ahaṃ,1.nom.sg,"mayaṃ
amhe",1.nom.pl,,,,,,,,,,,,,,,,,,,,,,,,,,,,,,,,,,,,,,,,,,opt 3rd,"eyya
e",opt.3.sg,eyyuṃ,opt.3.pl,etha,opt.reflx.3.sg,eraṃ,opt.reflx.3.pl,
in adj,masc sg,,masc pl,,fem sg,,fem pl,,neut sg,,neut pl,,,acc,aṃ,f.acc.sg,,,,,,,,,,,,acc,"maṃ
mamaṃ
me",1.acc.sg,"amhe
amhākaṃ
no",1.acc.pl,,acc,"maṃ
mamaṃ
me",1.acc.sg,"amhe
amhākaṃ
no",1.acc.pl,,,,"amāna prp
",masc sg,,masc pl,,fem sg,,fem pl,,neut sg,,neut pl,,,i masc,masc sg,,masc pl,,,,,,,,,ī f,fem sg,,fem pl,,,iṃ nt,neut sg,,neut pl,,,opt 2nd,"eyyāsi
e",opt.2.sg,"eyyātha
etha",opt.2.pl,etho,opt.reflx.2.sg,"eyyavho
eyyāvho",opt.reflx.2.pl,
nom,ī,m.nom.sg,"ī
ino",m.nom.pl,inī,f.nom.sg,iniyo,f.nom.pl,"i
iṃ",nt.nom.sg,"ini
ī",nt.nom.pl,,instr,āya,f.instr.sg,,,,,,,,,,,,instr,"mayā
me",1.instr.sg,"amhehi
no",1.instr.pl,,instr,"mayā
me",1.instr.sg,"amhehi
no",1.instr.pl,,,,nom,amāno,m.nom.sg,amānā,m.nom.pl,amānā,f.nom.sg,"amānā
amānāyo",f.nom.pl,amānaṃ,nt.nom.sg,"amānā
amānāni",nt.nom.pl,,nom,i,m.nom.sg,"ī
ayo",m.nom.pl,,,,,,,,nom,ī,f.nom.sg,"ī
iyo",f.nom.pl,,nom,i,nt.nom.sg,"ī
īni",nt.nom.pl,,opt 1st,"eyyāmi
eyyaṃ
e",opt.1.sg,"eyyāma
ema
emu",opt.1.pl,eyyaṃ,opt.reflx.1.sg,eyyāmhe,opt.reflx.1.pl,
acc,inaṃ,m.acc.sg,"ī
ino",m.acc.pl,iniṃ,f.acc.sg,iniyo,f.acc.pl,"i
iṃ",nt.acc.sg,"ini
ī",nt.acc.pl,,dat,āya,f.dat.sg,,,,,,,,,,,,dat,"mama
mayhaṃ
mayha
me
mamaṃ",1.dat.sg,"amhaṃ
amhākaṃ
no",1.dat.pl,,dat,"mama
mayhaṃ
mayha
me
mamaṃ",1.dat.sg,"amhaṃ
amhākaṃ
no",1.dat.pl,,,,acc,amānaṃ,m.acc.sg,amāne,m.acc.pl,amānaṃ,f.acc.sg,"amānā
amānāyo",f.acc.pl,amānaṃ,nt.acc.sg,"amānā
amānāni",nt.acc.pl,,acc,iṃ,m.acc.sg,"ī
ayo",m.acc.pl,,,,,,,,acc,iṃ,f.acc.sg,"ī
iyo",f.acc.pl,,acc,iṃ,nt.acc.sg,"ī
īni",nt.acc.pl,,fut 3rd,issati,fut.3.sg,issanti,fut.3.pl,issate,fut.reflx.3.sg,issante,fut.reflx.3.pl,
instr,inā,m.instr.sg,"ihiīhi
ibhi",m.instr.pl,iniyā,f.instr.sg,inīhi,f.instr.pl,inā,nt.instr.sg,"ihi
īhi",nt.instr.pl,,abl,āya,f.abl.sg,,,,,,,,,,,,abl,mayā,1.abl.sg,amhehi,1.abl.pl,,abl,mayā,1.abl.sg,amhehi,1.abl.pl,,,,instr,amānena,m.instr.sg,amānehi,m.instr.pl,amānāya,f.instr.sg,amānāhi,f.instr.pl,amānena,nt.instr.sg,amānehi,nt.instr.pl,,instr,inā,m.instr.sg,"īhi
ībhi
ibhi",m.instr.pl,,,,,,,,instr,iyā,f.instr.sg,"īhi
ibhi
ībhi",f.instr.pl,,instr,inā,nt.instr.sg,"īhi
ibhi",nt.instr.pl,,fut 2nd,issasi,fut.2.sg,issatha,fut.2.pl,issase,fut.reflx.2.sg,issavhe,fut.reflx.2.pl,
dat,ino,m.dat.sg,"inaṃ
īnaṃ",m.dat.pl,iniyā,f.dat.sg,inīnaṃ,f.dat.pl,ino,nt.dat.sg,"inaṃ
īnaṃ",nt.dat.pl,,gen,āya,f.gen.sg,,,,,,,,,,,,gen,"mama
mayhaṃ
mayha
me
mamaṃ",1.gen.sg,"amhaṃ
amhākaṃ
no",1.gen.pl,,gen,"mama
mayhaṃ
mayha
me
mamaṃ",1.gen.sg,"amhaṃ
amhākaṃ
no",1.gen.pl,,,,dat,"amānāya
amānassa",m.dat.sg,amānānaṃ,m.dat.pl,amānāya,f.dat.sg,amānānaṃ,f.dat.pl,"amānāya
amānassa",nt.dat.sg,amānānaṃ,nt.dat.pl,,dat,"ino
issa",m.dat.sg,īnaṃ,m.dat.pl,,,,,,,,dat,iyā,f.dat.sg,īnaṃ,f.dat.pl,,dat,"ino
issa",nt.dat.sg,īnaṃ,nt.dat.pl,,fut 1st,issāmi,fut.1.sg,issāma,fut.1.pl,issaṃ,fut.reflx.1.sg,issāmhe,fut.reflx.1.pl,
abl,"inā
ismā
imhā",m.abl.sg,"ihi
īhi",m.abl.pl,iniyā,f.abl.sg,inīhi,f.abl.pl,"inā
ito
ismā
imhā",nt.abl.sg,"ihi
īhi",nt.abl.pl,,loc,"āya 
āyaṃ",f.loc.sg,,,,,,,,,,,,loc,mayi,1.loc.sg,amhesu,1.loc.pl,,loc,mayi,1.loc.sg,amhesu,1.loc.pl,,,,abl,"amānā
amānamhā
amānasmā",m.abl.sg,amānehi,m.abl.pl,amānāya,f.abl.sg,amānāhi,f.abl.pl,"amānā
amānamhā
amānasmā",nt.abl.sg,amānehi,nt.abl.pl,,abl,"inā
imhā
ismā",m.abl.sg,"īhi
ībhi
ibhi",m.abl.pl,,,,,,,,abl,iyā,f.abl.sg,"īhi
ibhi
ībhi",f.abl.pl,,abl,"inā
imhā
ismā",nt.abl.sg,"īhi
ibhi",nt.abl.pl,,,,,,,,,,,
gen,ino,m.gen.sg,"inaṃ
īnaṃ",m.gen.pl,iniyā,f.gen.sg,inīnaṃ,f.gen.pl,"ino
issa",nt.gen.sg,"inaṃ
īnaṃ",nt.gen.pl,,in comps,a,,,,,,,,,,,,,in comps,,,,,,in comps,,,,,,,,gen,amānassa,m.gen.sg,amānānaṃ,m.gen.pl,amānāya,f.gen.sg,amānānaṃ,f.gen.pl,amānassa,nt.gen.sg,amānānaṃ,nt.gen.pl,,gen,"ino
issa",m.gen.sg,īnaṃ,m.gen.pl,,,,,,,,gen,iyā,f.gen.sg,īnaṃ,f.gen.pl,,gen,"ino
issa",nt.gen.sg,īnaṃ,nt.gen.pl,,āti pr,sg,,pl,,reflx sg,,reflx pl,,
loc,"ini
ismiṃ
imhi",m.loc.sg,"isu
īsu",m.loc.pl,"iniyā
iniyāṃ",f.loc.sg,inīsu,f.loc.pl,"ismiṃ
imhi",nt.loc.sg,"isu
īsu",nt.loc.pl,,,,,,,,,,,,,,,,,,,,,,,,,,,,,,loc,"amāne
amānamhi
amānasmiṃ",m.loc.sg,amānesu,m.loc.pl,"amānāyaṃ
amānāya",f.loc.sg,amānāsu,f.loc.pl,"amāne
amānamhi
amānasmiṃ",nt.loc.sg,amānesu,nt.loc.pl,,loc,"imhi
ismiṃ",m.loc.sg,īsu,m.loc.pl,,,,,,,,loc,"iyā
iyaṃ",f.loc.sg,īsu,f.loc.pl,,loc,"ini
imhi
ismiṃ",nt.loc.sg,"isu
īsu",nt.loc.pl,,pr 3rd,āti,pr.3.sg,anti,pr.3.pl,,pr.reflx.3.sg,,pr.reflx.3.pl,
voc,ī,m.voc.sg,ino,m.voc.pl,inī,f.voc.sg,iniyo,f.voc.pl,"i
iṃ",nt.voc.sg,"ini
ī",nt.voc.pl,,catu card,masc pl,,fem pl,,neut pl,,,,,,,,,tvaṃ pron,masc sg,,masc pl,,,tumha pron,masc sg,,masc pl,,,,,voc,"amāna
amānā",m.voc.sg,amānā,m.voc.pl,amāne,f.voc.sg,"amānā
amānāyo",f.voc.pl,"amāna
amānā",nt.voc.sg,amānāni,nt.voc.pl,,voc,i,m.voc.sg,"ī
ayo",m.voc.pl,,,,,,,,voc,"i
ī",f.voc.sg,"ī
iyo",f.voc.pl,,voc,i,nt.voc.sg,"ī
īni",nt.voc.pl,,pr 2nd,āsi,pr.2.sg,ātha,pr.2.pl,,pr.reflx.2.sg,,pr.reflx.2.pl,
in comps,ī,,,,,,,,,,,,,nom,"cattāro
caturo",m.nom.pl,catasso,f.nom.pl,cattāri,nt.nom.pl,,,,,,,,nom,"tvaṃ
tuvaṃ",2.nom.sg,tumhe,2.nom.pl,,nom,"tvaṃ
tuvaṃ",2.nom.sg,tumhe,2.nom.pl,,,,,,,,,,,,,,,,,,in comps,"i
ī",,,,,,,,,,,in comps,"i
ī",,,,,in comps,i,,,,,pr 1st,āmi,pr.1.sg,āma,pr.1.pl,,pr.reflx.1.sg,,pr.reflx.1.pl,
,,,,,,,,,,,,,,acc,"cattāro
caturo",m.acc.pl,catasso,f.acc.pl,cattāri,nt.acc.pl,,,,,,,,acc,"taṃ
tuvaṃ
tavaṃ",2.acc.sg,"tumhe
tumhākaṃ
vo",2.acc.pl,,acc,"taṃ
tuvaṃ
tavaṃ",2.acc.sg,"tumhe
tumhākaṃ
vo",2.acc.pl,,,,"enta prp
",masc sg,,masc pl,,fem sg,,fem pl,,neut sg,,neut pl,,,,,,,,,,,,,,,,,,,,,,,,,,,imp 3rd,ātu,imp.3.sg,antu,imp.3.pl,,imp.reflx.3.sg,,imp.reflx.3.pl,
ant adj,masc sg,,masc pl,,fem sg,,fem pl,,neut sg,,neut pl,,,instr,catūhi,m.instr.pl,catūhi,f.instr.pl,catūhi,nt.instr.pl,,,,,,,,instr,"tayā
te",2.instr.sg,"tumhehi
vo",2.instr.pl,,instr,"tayā
te",2.instr.sg,"tumhehi
vo",2.instr.pl,,,,nom,ento,m.nom.sg,"ento
antā",m.nom.pl,entī,f.nom.sg,"entī
antiyo",f.nom.pl,eṃ,nt.nom.sg,"entā
entāni",nt.nom.pl,,u masc 1,masc sg,,masc pl,,,,,,,,,u1 f,fem sg,,fem pl,,,kamma nt,neut sg,,neut pl,,,imp 2nd,"āhi
",imp.2.sg,ātha,imp.2.pl,,imp.reflx.2.sg,,imp.reflx.2.pl,
nom,"ā
anto",m.nom.sg,"ā
anto
antā",m.nom.pl,atī,f.nom.sg,"atī
atiyo",f.nom.pl,"aṃ
antaṃ",nt.nom.sg,"antāni
antā
anti",nt.nom.pl,,dat,catunnaṃ,m.dat.pl,catassannaṃ,f.dat.pl,catunnaṃ,nt.dat.pl,,,,,,,,dat,"tava
tuyhaṃ
te",2.dat.sg,"tumhaṃ
tumhākaṃ
vo",2.dat.pl,,dat,"tava
tuyhaṃ
te",2.dat.sg,"tumhaṃ
tumhākaṃ
vo",2.dat.pl,,,,acc,entaṃ,m.acc.sg,ente,m.acc.pl,entiṃ,f.acc.sg,"entī
antiyo",f.acc.pl,entaṃ,nt.acc.sg,"ente
entāni",nt.acc.pl,,nom,u,m.nom.sg,"ū
avo",m.nom.pl,,,,,,,,nom,u,f.nom.sg,"ū
uyo",f.nom.pl,,nom,"kamma
kammaṃ",nt.nom.sg,"kammāni
kammā",nt.nom.pl,,imp 1st,āmi,imp.1.sg,āma,imp.1.pl,,imp.reflx.1.sg,,imp.reflx.1.pl,
acc,antaṃ,m.acc.sg,ante,m.acc.pl,atiṃ,f.acc.sg,"atī
atiyo",f.acc.pl,antaṃ,nt.acc.sg,"antāni
ante
anti",nt.acc.pl,,abl,catūhi,m.abl.pl,catūhi,f.abl.pl,catūhi,nt.abl.pl,,,,,,,,abl,"tvāya
tayā",2.abl.sg,tumhehi,2.abl.pl,,abl,"tvāya
tayā",2.abl.sg,tumhehi,2.abl.pl,,,,instr,"etā
entena",m.instr.sg,entehi,m.instr.pl,entiyā,f.instr.sg,entīhi,f.instr.pl,"etā
entena",nt.instr.sg,entehi,nt.instr.pl,,acc,"uṃ
unaṃ",m.acc.sg,"ū
avo",m.acc.pl,,,,,,,,acc,uṃ,f.acc.sg,"ū
uyo",f.acc.pl,,acc,"kamma
kammaṃ",nt.acc.sg,"kammāni
kamme",nt.acc.pl,,opt 3rd,"eyya
e",opt.3.sg,eyyuṃ,opt.3.pl,etha,opt.reflx.3.sg,eraṃ,opt.reflx.3.pl,
instr,"atā
antena",m.instr.sg,antehi,m.instr.pl,atiyā,f.instr.sg,atīhi,f.instr.pl,"atā
antena",nt.instr.sg,antehi,nt.instr.pl,,gen,catunnaṃ,m.gen.pl,catassannaṃ,f.gen.pl,catunnaṃ,nt.gen.pl,,,,,,,,gen,"tava
tuyhaṃ
te",2.gen.sg,"tumhaṃ
tumhākaṃ
vo",2.gen.pl,,gen,"tava
tuyhaṃ
te",2.gen.sg,"tumhaṃ
tumhākaṃ
vo",2.gen.pl,,,,dat,entassa,m.dat.sg,"etaṃ
antānaṃ",m.dat.pl,entiyā,f.dat.sg,entīnaṃ,f.dat.pl,entassa,nt.dat.sg,"etaṃ
antānaṃ",nt.dat.pl,,instr,unā,m.instr.sg,ūhi,m.instr.pl,,,,,,,,instr,uyā,f.instr.sg,ūhi,f.instr.pl,,instr,"kammena
kammunā
kammanā",nt.instr.sg,kammehi,nt.instr.pl,,opt 2nd,"eyyāsi
e",opt.2.sg,"eyyātha
etha",opt.2.pl,etho,opt.reflx.2.sg,"eyyavho
eyyāvho",opt.reflx.2.pl,
dat,"ato
antassa",m.dat.sg,"ataṃ
antānaṃ",m.dat.pl,atiyā,f.dat.sg,atīnaṃ,f.dat.pl,"ato
antassa",nt.dat.sg,"ataṃ
antānaṃ",nt.dat.pl,,loc,"catusu
catūsu",m.loc.pl,"catusu
catūsu",f.loc.pl,"catusu
catūsu",nt.loc.pl,,,,,,,,loc,"tvāyi
tayi",2.loc.sg,tumhesu,2.loc.pl,,loc,"tvāyi
tayi",2.loc.sg,tumhesu,2.loc.pl,,,,abl,"etā
entamhā
entasmā",m.abl.sg,entehi,m.abl.pl,entiyā,f.abl.sg,entīhi,f.abl.pl,"etā
entamhā
entasmā",nt.abl.sg,entehi,nt.abl.pl,,dat,"uno
ussa",m.dat.sg,"ūnaṃ
unaṃ",m.dat.pl,,,,,,,,dat,uyā,f.dat.sg,ūnaṃ,f.dat.pl,,dat,"kammassa
kammuno",nt.dat.sg,kammānaṃ,nt.dat.pl,,opt 1st,"eyyāmi
e",opt.1.sg,"eyyāma
ema
emu",opt.1.pl,eyyaṃ,opt.reflx.1.sg,eyyāmhe,opt.reflx.1.pl,
abl,"atā
antā
antasmā
antamhā",m.abl.sg,antehi,m.abl.pl,atiyā,f.abl.sg,atīhi,f.abl.pl,"atā
antā
antasmā
antamhā",nt.abl.sg,antehi,nt.abl.pl,,in comps,catur,,,,,,,,,,,,,in comps,,,,,,in comps,,,,,,,,gen,entassa,m.gen.sg,"etaṃ
antānaṃ",m.gen.pl,entiyā,f.gen.sg,entīnaṃ,f.gen.pl,entassa,nt.gen.sg,"etaṃ
antānaṃ",nt.gen.pl,,abl,"unā
umhā
usmā",m.abl.sg,ūhi,m.abl.pl,,,,,,,,abl,uyā,f.abl.sg,ūhi,f.abl.pl,,abl,"kammasmā
kammamhā
kammunā",nt.abl.sg,kammehi,nt.abl.pl,,fut 3rd,issati,fut.3.sg,issanti,fut.3.pl,issate,fut.reflx.3.sg,issante,fut.reflx.3.pl,
gen,"ato
antassa",m.gen.sg,"ataṃ
antānaṃ",m.gen.pl,atiyā,f.gen.sg,atīnaṃ,f.gen.pl,"ato
antassa",nt.gen.sg,"ataṃ
antānaṃ",nt.gen.pl,,,,,,,,,,,,,,,,,,,,,,,,,,,,,,loc,"eti
ente
entamhi
entasmiṃ",m.loc.sg,entesu,m.loc.pl,"entiyā
antiyaṃ",f.loc.sg,entīsu,f.loc.pl,"eti
ante
antamhi
antasmiṃ",nt.loc.sg,entesu,nt.loc.pl,,gen,"uno
ussa",m.gen.sg,"ūnaṃ
unaṃ",m.gen.pl,,,,,,,,gen,uyā,f.gen.sg,ūnaṃ,f.gen.pl,,gen,"kammassa
kammuno",nt.gen.sg,kammānaṃ,nt.gen.pl,,fut 2nd,issasi,fut.2.sg,issatha,fut.2.pl,issase,fut.reflx.2.sg,issavhe,fut.reflx.2.pl,
loc,"ati
ante
antasmiṃ
antamhi",m.loc.sg,antesu,m.loc.pl,"atiyā
atiyaṃ",f.loc.sg,atīsu,f.loc.pl,"ati
ante
antasmiṃ
antamhi",nt.loc.sg,antesu,nt.loc.pl,,ti card,masc pl,,fem pl,,neut pl,,,,,,,,,ima pron,masc sg,,masc pl,,fem sg,,fem pl,,neut sg,,neut pl,,,voc,"a
ā",m.voc.sg,"ento
entā",m.voc.pl,"enti
entī",f.voc.sg,"entī
entiyo",f.voc.pl,"a
ā",nt.voc.sg,"ento
entā",nt.voc.pl,,loc,"umhi
usmiṃ",m.loc.sg,ūsu,m.loc.pl,,,,,,,,loc,"uyā
uyaṃ",f.loc.sg,"usu
ūsu",f.loc.pl,,loc,"kamme
kammasmiṃ
kammamhi
kammani",nt.loc.sg,kammesu,nt.loc.pl,,fut 1st,issāmi,fut.1.sg,issāma,fut.1.pl,issaṃ,fut.reflx.1.sg,issāmhe,fut.reflx.1.pl,
voc,"aṃ
a
ā",m.voc.sg,"anto
antā",m.voc.pl,atiatī,f.voc.sg,atīatiyo,f.voc.pl,a,nt.voc.sg,"antāni
anti",nt.voc.pl,,nom,tayo,m.nom.pl,tisso,f.nom.pl,"tīni
tīṇi",nt.nom.pl,,,,,,,,nom,ayaṃ,m.nom.sg,ime,m.nom.pl,ayaṃ,f.nom.sg,"imā
imāyo",f.nom.pl,"idaṃ
imaṃ",nt.nom.sg,"ime
imāni",nt.nom.pl,,,,,,,,,,,,,,,,voc,u,m.voc.sg,"ū
avo
ave",m.voc.pl,,,,,,,,voc,u,f.voc.sg,"ū
uyo",f.voc.pl,,voc,kamma,nt.voc.sg,"kammāni
kammā",nt.voc.pl,,,,,,,,,,,
in comps,"a
ā",,,,,,,,,,,,,acc,tayo,m.acc.pl,tisso,f.acc.pl,tīni,nt.acc.pl,,,,,,,,acc,imaṃ,m.acc.sg,ime,m.acc.pl,imaṃ,f.acc.sg,"imā
imāyo",f.acc.pl,"idaṃ
imaṃ",nt.acc.sg,"ime
imāni",nt.acc.pl,,"āna prp
",masc sg,,masc pl,,fem sg,,fem pl,,neut sg,,neut pl,,,in comps,u,,,,,,,,,,,in comps,u,,,,,in comps,kamma,,,,,oti pr,sg,,pl,,relfx sg,,relfx pl,,
,,,,,,,,,,,,,,instr,tīhi,m.instr.pl,tīhi,f.instr.pl,tīhi,nt.instr.pl,,,,,,,,instr,"anena
iminā",m.instr.sg,"ehi
imehi",m.instr.pl,imāya,f.instr.sg,imāhi,f.instr.pl,"anena
iminā",nt.instr.sg,"ehi
imehi",nt.instr.pl,,nom,āno,m.nom.sg,ānā,m.nom.pl,ānā,f.nom.sg,"ānā
ānāyo",f.nom.pl,ānaṃ,nt.nom.sg,"ānā
ānāni",nt.nom.pl,,,,,,,,,,,,,,,,,,,,,,,,,,pr 3rd,oti,pr.3.sg,onti,pr.3.pl,,pr.reflx.3.sg,,pr.reflx.3.pl,
antu adj,masc sg,,masc pl,,fem sg,,fem pl,,neut sg,,neut pl,,,dat,"tiṇṇaṃ
tiṇṇannaṃ",m.dat.pl,tissannaṃ,f.dat.pl,"tiṇṇaṃ
tiṇṇannaṃ",nt.dat.pl,,,,,,,,dat,"assa
imassa",m.dat.sg,"esaṃ
esānaṃ
imesaṃ
imesānaṃ",m.dat.pl,"assāya
assā
imassāya
imissā
imāya",f.dat.sg,"āsaṃ
āsānaṃ
imāsaṃ
imāsānaṃ",f.dat.pl,"assa
imassa",nt.dat.sg,"esaṃ
esānaṃ
imesaṃ
imesānaṃ",nt.dat.pl,,acc,ānaṃ,m.acc.sg,āne,m.acc.pl,ānaṃ,f.acc.sg,"ānā
ānāyo",f.acc.pl,ānaṃ,nt.acc.sg,"ānā
ānāni",nt.acc.pl,,u masc 2,masc sg,,masc pl,,,ar masc 1,masc sg,,masc pl,,,ar f,fem sg,,fem pl,,,u nt,neut sg,,neut pl,,,pr 2nd,osi,pr.2.sg,otha,pr.2.pl,,pr.reflx.2.sg,,pr.reflx.2.pl,
nom,"ā
anto",m.nom.sg,"ā
anto
antā",m.nom.pl,atī,f.nom.sg,"atī
atiyo",f.nom.pl,"aṃ
antaṃ",nt.nom.sg,"antāni
antā
anti",nt.nom.pl,,abl,tīhi,m.abl.pl,tīhi,f.abl.pl,tīhi,nt.abl.pl,,,,,,,,abl,"asmā
amhā
imamhā
imasmā",m.abl.sg,"ehi
imehi",m.abl.pl,imāya,f.abl.sg,imāhi,f.abl.pl,"asmā
amhā
imamhā
imasmā",nt.abl.sg,"ehi
imehi",nt.abl.pl,,instr,ānena,m.instr.sg,ānehi,m.instr.pl,ānāya,f.instr.sg,ānāhi,f.instr.pl,ānena,nt.instr.sg,ānehi,nt.instr.pl,,nom,ā,m.nom.sg,āro,m.nom.pl,,nom,ā,m.nom.sg,āro,m.nom.pl,,nom,ā,f.nom.sg,aro,f.nom.pl,,nom,u,nt.nom.sg,"ū
ūni",nt.nom.pl,,pr 1st,omi,pr.1.sg,oma,pr.1.pl,,pr.reflx.1.sg,,pr.reflx.1.pl,
acc,antaṃ,m.acc.sg,ante,m.acc.pl,atiṃ,f.acc.sg,"atī
atiyo",f.acc.pl,antaṃ,nt.acc.sg,"antāni
ante
anti",nt.acc.pl,,gen,"tiṇṇaṃ
tiṇṇannaṃ",m.gen.pl,tissannaṃ,f.gen.pl,"tiṇṇaṃ
tiṇṇannaṃ",nt.gen.pl,,,,,,,,gen,"assa
imassa",m.gen.sg,"esaṃ
esānaṃ
imesaṃ
imesānaṃ",m.gen.pl,"assāya
assā
imassāya
imissā
imāya",f.gen.sg,"āsaṃ
āsānaṃ
imāsaṃ
imāsānaṃ",f.gen.pl,"assa
imassa",nt.gen.sg,"esaṃ
esānaṃ
imesaṃ
imesānaṃ",nt.gen.pl,,dat,"ānāya
ānassa",m.dat.sg,ānānaṃ,m.dat.pl,ānāya,f.dat.sg,ānānaṃ,f.dat.pl,"ānāya
ānassa",nt.dat.sg,ānānaṃ,nt.dat.pl,,acc,āraṃ,m.acc.sg,"āre
āro",m.acc.pl,,acc,āraṃ,m.acc.sg,"āre
āro",m.acc.pl,,acc,araṃ,f.acc.sg,"are
aro",f.acc.pl,,acc,uṃ,nt.acc.sg,"ū
ūni",nt.acc.pl,,imp 3rd,otu,imp.3.sg,ontu,imp.3.pl,,imp.reflx.3.sg,,imp.reflx.3.pl,
instr,"atā
antena",m.instr.sg,antehi,m.instr.pl,atiyā,f.instr.sg,atīhi,f.instr.pl,"atā
antena",nt.instr.sg,antehi,nt.instr.pl,,loc,tīsu,m.loc.pl,tīsu,f.loc.pl,tīsu,nt.loc.pl,,,,,,,,loc,"amhi
asmiṃ
imamhi
imasmiṃ",m.loc.sg,"esu
imesu",m.loc.pl,"assaṃ
imissaṃ
imāyaṃ",f.loc.sg,imāsu,f.loc.pl,"amhi
asmiṃ
imamhi
imasmiṃ",nt.loc.sg,"esu
imesu",nt.loc.pl,,abl,"ānā
ānamhā
ānasmā",m.abl.sg,ānehi,m.abl.pl,ānāya,f.abl.sg,ānāhi,f.abl.pl,"ānā
ānamhā
ānasmā",nt.abl.sg,ānehi,nt.abl.pl,,instr,"ārā
unā",m.instr.sg,ārehi,m.instr.pl,,instr,"ārā
unā",m.instr.sg,ārehi,m.instr.pl,,instr,"u
arā
uyā
matyā",f.instr.sg,"ūhi
arehi",f.instr.pl,,instr,"unā
usā",nt.instr.sg,ūhi,nt.instr.pl,,imp 2nd,ohi,imp.2.sg,otha,imp.2.pl,,imp.reflx.2.sg,,imp.reflx.2.pl,
dat,"ato
antassa",m.dat.sg,"ataṃ
antānaṃ",m.dat.pl,atiyā,f.dat.sg,atīnaṃ,f.dat.pl,"ato
antassa",nt.dat.sg,"ataṃ
antānaṃ",nt.dat.pl,,in comps,ti,,,,,,,,,,,,,in comps,,,,,,,,,,,,,,gen,ānassa,m.gen.sg,ānānaṃ,m.gen.pl,ānāya,f.gen.sg,ānānaṃ,f.gen.pl,ānassa,nt.gen.sg,ānānaṃ,nt.gen.pl,,dat,"u
uno
ussa",m.dat.sg,"ārānaṃ
ānaṃ",m.dat.pl,,dat,"u
uno
ussa",m.dat.sg,"ārānaṃ
ānaṃ",m.dat.pl,,dat,"uyā
u
matyā",f.dat.sg,"arānaṃ
ānaṃ
ūnaṃ",f.dat.pl,,dat,"uno
ussa",nt.dat.sg,ūnaṃ,nt.dat.pl,,imp 1st,omi,imp.1.sg,oma,imp.1.pl,,imp.reflx.1.sg,,imp.reflx.1.pl,
abl,"atā
antā
antasmā
antamhā",m.abl.sg,antehi,m.abl.pl,atiyā,f.abl.sg,atīhi,f.abl.pl,"atā
antā
antasmā
antamhā",nt.abl.sg,antehi,nt.abl.pl,,,,,,,,,,,,,,,,,,,,,,,,,,,,,,loc,"āne
ānamhi
ānasmiṃ",m.loc.sg,ānesu,m.loc.pl,"ānāyaṃ
ānāya",f.loc.sg,ānāsu,f.loc.pl,"āne
ānamhi
ānasmiṃ",nt.loc.sg,ānesu,nt.loc.pl,,abl,ārā,m.abl.sg,ārehi,m.abl.pl,,abl,ārā,m.abl.sg,ārehi,m.abl.pl,,abl,"arā
uyā
matyā",f.abl.sg,"ūhi
arehi",f.abl.pl,,abl,"unā
umhā
usmā",nt.abl.sg,ūhi,nt.abl.pl,,opt 3rd,"eyya
e",opt.3.sg,eyyuṃ,opt.3.pl,etha,opt.reflx.3.sg,eraṃ,opt.reflx.3.pl,
gen,"ato
antassa",m.gen.sg,"ataṃ
antānaṃ",m.gen.pl,atiyā,f.gen.sg,atīnaṃ,f.gen.pl,"ato
antassa",nt.gen.sg,"ataṃ
antānaṃ",nt.gen.pl,,a card,neut sg,,neut pl,,,,,,,,,,,kaci pron,masc sg,,masc pl,,fem sg,,fem pl,,neut sg,,neut pl,,,voc,"āna
ānā",m.voc.sg,ānā,m.voc.pl,āne,f.voc.sg,"ānā
ānāyo",f.voc.pl,"āna
ānā",nt.voc.sg,ānāni,nt.voc.pl,,gen,"u
uno
ussa",m.gen.sg,"ārānaṃ
ānaṃ",m.gen.pl,,gen,"u
uno
ussa",m.gen.sg,"ārānaṃ
ānaṃ",m.gen.pl,,gen,"uyā
u
matyā",f.gen.sg,"arānaṃ
ānaṃ
ūnaṃ",f.gen.pl,,gen,"uno
ussa",nt.gen.sg,ūnaṃ,nt.gen.pl,,opt 2nd,"eyyāsi
e",opt.2.sg,"eyyātha
etha",opt.2.pl,etho,opt.reflx.2.sg,"eyyavho
eyyāvho",opt.reflx.2.pl,
loc,"ati
ante
antasmiṃ
antamhi",m.loc.sg,antesu,m.loc.pl,"atiyā
atiyaṃ",f.loc.sg,atīsu,f.loc.pl,"ati
ante
antasmiṃ
antamhi",nt.loc.sg,antesu,nt.loc.pl,,nom,aṃ,nt.nom.sg,"ā
āni",nt.nom.pl,,,,,,,,,,nom,koci,m.nom.sg,"keci
kecana",m.nom.pl,kāci,f.nom.sg,kāci,f.nom.pl,kiñci,nt.nom.sg,kānici,nt.nom.pl,,,,,,,,,,,,,,,,loc,ari,m.loc.sg,āresu,m.loc.pl,,loc,ari,m.loc.sg,āresu,m.loc.pl,,loc,"ari
uyā
uyaṃ
matyā
matyaṃ",f.loc.sg,aresu,f.loc.pl,,loc,"umhi
usmiṃ",nt.loc.sg,ūsu,nt.loc.pl,,opt 1st,"eyyāmi
eyyaṃ
e",opt.1.sg,"eyyāma
ema
emu",opt.1.pl,eyyaṃ,opt.reflx.1.sg,eyyāmhe,opt.reflx.1.pl,
voc,"aṃ
a
ā",m.voc.sg,"anto
antā",m.voc.pl,atiatī,f.voc.sg,atīatiyo,f.voc.pl,a,nt.voc.sg,"antāni
anti",nt.voc.pl,,acc,aṃ,nt.acc.sg,"e
āni",nt.acc.pl,,,,,,,,,,acc,"kañci
kiñci
kiñcanaṃ",m.acc.sg,"keci
kecana",m.acc.pl,kañci,f.acc.sg,kāci,f.acc.pl,kiñci,nt.acc.sg,kānici,nt.acc.pl,,onta prp,masc sg,,masc pl,,fem sg,,fem pl,,neut sg,,neut pl,,,voc,"a
ā",m.voc.sg,āro,m.voc.pl,,voc,"a
ā",m.voc.sg,āro,m.voc.pl,,voc,"a
ā
e",f.voc.sg,"ā
aro",f.voc.pl,,voc,u,nt.voc.sg,"ū
ūni",nt.voc.pl,,fut 3rd,issati,fut.3.sg,issanti,fut.3.pl,issate,fut.reflx.3.sg,issante,fut.reflx.3.pl,
in comps,"a
ā",,,,,,,,,,,,,instr,ena,nt.instr.sg,ehi,nt.instr.pl,,,,,,,,,,instr,kenaci,m.instr.sg,kehici,m.instr.pl,kāyaci,f.instr.sg,kāhici,f.instr.pl,kenaci,nt.instr.sg,kehici,nt.instr.pl,,nom,"aṃ
onto",m.nom.sg,"onto
antā",m.nom.pl,ontī,f.nom.sg,"ontī
ontiyo",f.nom.pl,aṃ,nt.nom.sg,"ontā
ontāni",nt.nom.pl,,in comps,u,,,,,in comps,u,,,,,in comps,ā,,,,,in comps,u,,,,,fut 2nd,issasi,fut.2.sg,issatha,fut.2.pl,issase,fut.reflx.2.sg,issavhe,fut.reflx.2.pl,
,,,,,,,,,,,,,,dat,"āya
assa",nt.dat.sg,ānaṃ,nt.dat.pl,,,,,,,,,,dat,kassaci,m.dat.sg,kesañci,m.dat.pl,"kāyaci
kassāci",f.dat.sg,kāsañci,f.dat.pl,kassaci,nt.dat.sg,kesañci,nt.dat.pl,,acc,ontaṃ,m.acc.sg,onte,m.acc.pl,ontiṃ,f.acc.sg,"ontī
ontiyo",f.acc.pl,ontaṃ,nt.acc.sg,"onte
ontāni",nt.acc.pl,,,,,,,,,,,,,,,,,,,,,,,,,,fut 1st,issāmi,fut.1.sg,issāma,fut.1.pl,issaṃ,fut.reflx.1.sg,issāmhe,fut.reflx.1.pl,
u adj,masc sg,,masc pl,,fem sg,,fem pl,,neut sg,,neut pl,,,abl,"āamhā
asmā",nt.abl.sg,ehi,nt.abl.pl,,,,,,,,,,abl,,m.abl.sg,kehici,m.abl.pl,kāyaci,f.abl.sg,kāhici,f.abl.pl,,nt.abl.sg,kehici,nt.abl.pl,,instr,"otā
ontena",m.instr.sg,ontehi,m.instr.pl,ontiyā,f.instr.sg,ontīhi,f.instr.pl,"otā
ontena",nt.instr.sg,ontehi,nt.instr.pl,,a masc pl,masc pl,,,,,,,,,,,nadī f,fem sg,,fem pl,,,u nt,neut sg,,neut pl,,,,,,,,,,,,
nom,u,m.nom.sg,"ū
avo",m.nom.pl,u,f.nom.sg,"ū
uyo",f.nom.pl,u,nt.nom.sg,"ū
ūni",nt.nom.pl,,gen,assa,nt.gen.sg,ānaṃ,nt.gen.pl,,,,,,,,,,gen,kassaci,m.gen.sg,kesañci,m.gen.pl,"kāyaci
kassāci",f.gen.sg,kāsañci,f.gen.pl,kassaci,nt.gen.sg,kesañci,nt.gen.pl,,dat,"oto
ontassa",m.dat.sg,"otaṃ
ontānaṃ",m.dat.pl,ontiyā,f.dat.sg,ontīnaṃ,f.dat.pl,"oto
ontassa",nt.dat.sg,"otaṃ
ontānaṃ",nt.dat.pl,,nom,ā,m.nom.pl,,,,,,,,,,nom,nadī,f.nom.sg,"nadī
nadiyo
najjo
najjāyo",f.nom.pl,,nom,u,nt.nom.sg,"ū
ūni",nt.nom.pl,,i aor,sg,,pl,,relfx sg,,relfx pl,,
acc,uṃ,m.acc.sg,"ū
avo",m.acc.pl,uṃ,f.acc.sg,"ū
uyo",f.acc.pl,uṃ,nt.acc.sg,"ū
ūni",nt.acc.pl,,loc,"e
amhi
asmiṃ",nt.loc.sg,esu,nt.loc.pl,,,,,,,,,,loc,"kasmiñci
kismici
kismiñci",m.loc.sg,kesuci,m.loc.pl,kāyaci,f.loc.sg,kāsuci,f.loc.pl,"kasmiñci
kismici
kismiñci",nt.loc.sg,kesuci,nt.loc.pl,,abl,"otā
ontamhā
ontasmā",m.abl.sg,ontehi,m.abl.pl,ontiyā,f.abl.sg,ontīhi,f.abl.pl,"otā
ontamhā
ontasmā",nt.abl.sg,ontehi,nt.abl.pl,,acc,e,m.acc.pl,,,,,,,,,,acc,"nadiṃ
nadiyaṃ
najjaṃ",f.acc.sg,"nadī
nadiyo
najjo
najjāyo",f.acc.pl,,acc,uṃ,nt.acc.sg,"ū
ūni",nt.acc.pl,,aor 3rd,"i
ī",aor.3.sg,"iṃsu
uṃ",,ā,,ū,,
instr,unā,m.instr.sg,ūhi,m.instr.pl,uyā,f.instr.sg,ūhi,f.instr.pl,unā,nt.instr.sg,ūhi,nt.instr.pl,,in comps,a,,,,,,,,,,,,,in comps,,,,,,,,,,,,,,gen,"oto
ontassa",m.gen.sg,"otaṃ
ontānaṃ",m.gen.pl,ontiyā,f.gen.sg,ontīnaṃ,f.gen.pl,"oto
ontassa",nt.gen.sg,"otaṃ
ontānaṃ",nt.gen.pl,,instr,"ehi
ebhi",m.instr.pl,,,,,,,,,,instr,"nadiyā
najjā",f.instr.sg,nadīhi,f.instr.pl,,instr,"unā
usā",nt.instr.sg,ūhi,nt.instr.pl,,aor 2nd,"i
o",aor.2.sg,ittha,,ise,,ivhaṃ,,
dat,"uno
ussa",m.dat.sg,"ūnaṃ
unnaṃ",m.dat.pl,uyā,f.dat.sg,ūnaṃ,f.dat.pl,"uno
ussa",nt.dat.sg,ūnaṃ,nt.dat.pl,,,,,,,,,,,,,,,,,,,,,,,,,,,,,,loc,"onte
ontamhi
ontasmiṃ",m.loc.sg,ontesu,m.loc.pl,"ontiyā
ontiyaṃ",f.loc.sg,ontīsu,f.loc.pl,"onte
ontamhi
ontasmiṃ",nt.loc.sg,ontesu,nt.loc.pl,,dat,ānaṃ,m.dat.pl,,,,,,,,,,dat,"nadiyā
najjā",f.dat.sg,nadīnaṃ,f.dat.pl,,dat,"uno
ussa",nt.dat.sg,ūnaṃ,nt.dat.pl,,aor 1st,iṃ,aor.1.sg,"imha
imhā",,"aṃ
a",,imhe,,
abl,"unā
umhā
usmā",m.abl.sg,ūhi,m.abl.pl,uyā,f.abl.sg,ūhi,f.abl.pl,"unā
umhā
usmā",nt.abl.sg,ūhi,nt.abl.pl,,dvi card,x pl,,,,,,,,,,,,,amu pron,masc sg,,masc pl,,fem sg,,fem pl,,neut sg,,neut pl,,,voc,onta,m.voc.sg,ontā,m.voc.pl,"onti
ontī",f.voc.sg,"ontī
ontiyo",f.voc.pl,onta,nt.voc.sg,ontāni,nt.voc.pl,,abl,"ehi
ebhi",m.abl.pl,,,,,,,,,,abl,"nadiyā
najjā",f.abl.sg,nadīhi,f.abl.pl,,abl,"unā
umhā
usmā",nt.abl.sg,ūhi,nt.abl.pl,,,,,,,,,,,
gen,"uno
ussa",m.gen.sg,ūnaṃ,m.gen.pl,uyā,f.gen.sg,ūnaṃ,f.gen.pl,"uno
ussa",nt.gen.sg,ūnaṃ,nt.gen.pl,,nom,"dve
duve",x.nom.pl,,,,,,,,,,,,nom,"amu
asu",m.nom.sg,amū,m.nom.pl,"amu
asu",f.nom.sg,"amū
amayo
",f.nom.pl,aduṃ,nt.nom.sg,adūni,nt.nom.pl,,,,,,,,,,,,,,,,gen,ānaṃ,m.gen.pl,,,,,,,,,,gen,"nadiyā
najjā",f.gen.sg,nadīnaṃ,f.gen.pl,,gen,"uno
ussa",nt.gen.sg,ūnaṃ,nt.gen.pl,,esi aor,sg,,pl,,relfx sg,,relfx pl,,
loc,"umhi
usmiṃ",m.loc.sg,ūsu,m.loc.pl,"uyā
uyaṃ",f.loc.sg,"usu
ūsu",f.loc.pl,"umhi
usmiṃ",nt.loc.sg,ūsu,nt.loc.pl,,acc,"dve
duve",x.acc.pl,,,,,,,,,,,,acc,amuṃ,m.acc.sg,"amū
amuyo
",m.acc.pl,"amuṃ
",f.acc.sg,"amū
amayo
",f.acc.pl,"amuṃ

",nt.acc.sg,"amū
amuyo

",nt.acc.pl,,potential participle,,,,,,,,,,,,,,loc,esu,m.loc.pl,,,,,,,,,,loc,"nadiyā
nadiyaṃ
najjāṃ",f.loc.sg,nadīsu,f.loc.pl,,loc,"umhi
usmiṃ",nt.loc.sg,ūsu,nt.loc.pl,,aor 3rd,esi,aor.3.sg,esuṃ,,,,,,
voc,u,m.voc.sg,"ū
avo",m.voc.pl,u,f.voc.sg,"ū
uyo",f.voc.pl,u,nt.voc.sg,"ū
ūni",nt.voc.pl,,instr,"dvīhi
dvibhi
dvībhi",x.instr.pl,,,,,,,,,,,,instr,"amunā
",m.instr.sg,"amūhi

",m.instr.pl,"amuyā
",f.instr.sg,"amūhi
",f.instr.pl,"amunā

",nt.instr.sg,"amūhi

",nt.instr.pl,,,,,,,,,,,,,,,,voc,ā,m.voc.pl,,,,,,,,,,voc,"nadi
nadī",f.voc.sg,"nadī
nadiyo",f.voc.pl,,voc,u,nt.voc.sg,"ū
ūni",nt.voc.pl,,aor 2nd,esi,aor.2.sg,ittha,,,,,,
in comps,u,,,,,,,,,,,,,dat,"dvinnaṃ
duvinnaṃ",x.dat.pl,,,,,,,,,,,,dat,"amuno
amussa
",m.dat.sg,"amūsaṃ
amūsānaṃ
",m.dat.pl,"amussā
amuyā
",f.dat.sg,"amūsaṃ
amūsānaṃ
",f.dat.pl,"amuno
amussa
",nt.dat.sg,"amūsaṃ
amūsānaṃ
",nt.dat.pl,,"a ptp
",masc sg,,masc pl,,fem sg,,fem pl,,neut sg,,neut pl,,,in comps,a,,,,,,,,,,,in comps,ā,,,,,in comps,u,,,,,aor 1st,esiṃ,aor.1.sg,"imha
imhā",,,,,,
,,,,,,,,,,,,,,abl,"dvīhi
dvībhi",x.abl.pl,,,,,,,,,,,,abl,"amunā
amumhā
usmā
asmā",m.abl.sg,"amūhi

",m.abl.pl,"amuyā
",f.abl.sg,"amūhi
",f.abl.pl,"amunā
amumhā
usmā
asmā",nt.abl.sg,"amūhi
",nt.abl.pl,,nom,o,m.nom.sg,ā,m.nom.pl,ā,f.nom.sg,"ā
āyo",f.nom.pl,aṃ,nt.nom.sg,"ā
āni",nt.nom.pl,,,,,,,,,,,,,,,,,,,,,,,,,,,,,,,,,,,
i adj,masc sg,,masc pl,,fem sg,,fem pl,,neut sg,,neut pl,,,gen,"dvinnaṃ
duvinnaṃ",x.gen.pl,,,,,,,,,,,,gen,"amuno
amussa
",m.gen.sg,"amūsaṃ
amūsānaṃ
",m.gen.pl,"amussā
amuyā
",f.gen.sg,"amūsaṃ
amūsānaṃ
",f.gen.pl,"amuno
amussa
",nt.gen.sg,"amūsaṃ
amūsānaṃ
",nt.gen.pl,,acc,aṃ,m.acc.sg,e,m.acc.pl,aṃ,f.acc.sg,"ā
āyo",f.acc.pl,aṃ,nt.acc.sg,"ā
āni",nt.acc.pl,,as masc,masc sg,,masc pl,,,,,,,,,ū f,fem sg,,fem pl,,,aṃ nt i,neut sg,,neut pl,,,āsi aor,sg,,pl,,relfx sg,,relfx pl,,
nom,i,m.nom.sg,"ī
ayo",m.nom.pl,i,f.nom.sg,iyo,f.nom.pl,"i
iṃ",nt.nom.sg,"ī
īni",nt.nom.pl,,loc,dvīsu,x.loc.pl,,,,,,,,,,,,loc,"amumhi
amusmiṃ
",m.loc.sg,"amūsu
",m.loc.pl,"amussaṃ
amuyaṃ
",f.loc.sg,"amūsu
",f.loc.pl,"amumhi
amusmiṃ
",nt.loc.sg,"amūsu
",nt.loc.pl,,instr,ena,m.instr.sg,ehi,m.instr.pl,āya,f.instr.sg,āhi,f.instr.pl,ena,nt.instr.sg,ehi,nt.instr.pl,,nom,o,m.nom.sg,ā,m.nom.pl,,,,,,,,nom,ū,f.nom.sg,"ū
uyo",f.nom.pl,,nom,aṃ,nt.nom.sg,"ā
āni",nt.nom.pl,,aor 3rd,āsi,aor.3.sg,aṃsu,,,,,,
acc,iṃ,m.acc.sg,"ī
ayo",m.acc.pl,iṃ,f.acc.sg,iyo,f.acc.pl,"i
iṃ",nt.acc.sg,"ī
īni",nt.acc.pl,,in comps,"dvi
dve",,,,,,,,,,,,,in comps,,,,,,,,,,,,,,dat,"āya
assa",m.dat.sg,ānaṃ,m.dat.pl,āya,f.dat.sg,ānaṃ,f.dat.pl,"āya
assa",nt.dat.sg,ānaṃ,nt.dat.pl,,acc,"o
aṃ",m.acc.sg,e,m.acc.pl,,,,,,,,acc,uṃ,f.acc.sg,"ū
uyo",f.acc.pl,,acc,aṃ,nt.acc.sg,"e
āni",nt.acc.pl,,aor 2nd,āsi,aor.2.sg,attha,,,,,,
instr,inā,m.instr.sg,"ihi
īhi",m.instr.pl,iyā,f.instr.sg,īhi,f.instr.pl,inā,nt.instr.sg,"ihi
īhi",nt.instr.pl,,,,,,,,,,,,,,,,,,,,,,,,,,,,,,abl,"ā
amhā
asmā",m.abl.sg,ehi,m.abl.pl,āya,f.abl.sg,āhi,f.abl.pl,"ā
amhā
asmā
ato",nt.abl.sg,ehi,nt.abl.pl,,instr,"asā
ena",m.instr.sg,ehi,m.instr.pl,,,,,,,,instr,uyā,f.instr.sg,ūhi,f.instr.pl,,instr,ena,nt.instr.sg,"ehi
ebhi",nt.instr.pl,,aor 1st,āsiṃ,aor.1.sg,amhā,,,,,,
dat,ino,m.dat.sg,"inaṃ
īnaṃ",m.dat.pl,iyā,f.dat.sg,īnaṃ,f.dat.pl,ino,nt.dat.sg,"inaṃ
īnaṃ",nt.dat.pl,,,,,,,,,,,,,,,,ubha pron,dual,,,,,,,,,,,,,gen,assa,m.gen.sg,ānaṃ,m.gen.pl,āya,f.gen.sg,ānaṃ,f.gen.pl,assa,nt.gen.sg,ānaṃ,nt.gen.pl,,dat,"aso
assa",m.dat.sg,ānaṃ,m.dat.pl,,,,,,,,dat,uyā,f.dat.sg,ūnaṃ,f.dat.pl,,dat,"āya
assa",nt.dat.sg,ānaṃ,nt.dat.pl,,,,,,,,,,,
abl,"inā
ismā
imhā
ito",m.abl.sg,"ihi
īhi",m.abl.pl,iyā,f.abl.sg,īhi,f.abl.pl,"inā
ismā
imhā
ito",nt.abl.sg,"ihi
īhi",nt.abl.pl,,,,,,,,,,,,,,,,nom,"ubho
ubhe",dual.nom.sg,,,,,,,,,,,,loc,"e
amhi
asmiṃ",m.loc.sg,esu,m.loc.pl,āyaṃāya,f.loc.sg,āsu,f.loc.pl,"e
amhi
asmiṃ",nt.loc.sg,esu,nt.loc.pl,,abl,"asā
ato
ā
amhā
asmā",m.abl.sg,ehi,m.abl.pl,,,,,,,,abl,uyā,f.abl.sg,ūhi,f.abl.pl,,abl,"ā
amhā
asmā",nt.abl.sg,"ehi
ebhi",nt.abl.pl,,ā imperf,sg,,pl,,relfx sg,,relfx pl,,
gen,"ino
issa",m.gen.sg,"inaṃ
īnaṃ",m.gen.pl,iyā,f.gen.sg,īnaṃ,f.gen.pl,"ino
issa",nt.gen.sg,"inaṃ
īnaṃ",nt.gen.pl,,,,,,,,,,,,,,,,acc,ubho,dual.acc.sg,,,,,,,,,,,,voc,"a
ā",m.voc.sg,ā,m.voc.pl,e,f.voc.sg,"ā
āyo",f.voc.pl,"a
ā",nt.voc.sg,āni,nt.voc.pl,,gen,"aso
assa",m.gen.sg,ānaṃ,m.gen.pl,,,,,,,,gen,uyā,f.gen.sg,ūnaṃ,f.gen.pl,,gen,assa,nt.gen.sg,ānaṃ,nt.gen.pl,,aor 3rd,ā,imperf.3.sg,ū,,"attha
atthu",,atthuṃ,,
loc,"ismiṃ
imhi",m.loc.sg,"isu
īsu",m.loc.pl,"iyā
iyaṃ",f.loc.sg,īsu,f.loc.pl,"ismiṃ
imhi",nt.loc.sg,"isu
īsu",nt.loc.pl,,,,,,,,,,,,,,,,instr,ubhohi,dual.instr.sg,,,,,,,,,,,,,,,,,,,,,,,,,,loc,"asi
e
amhi
asmiṃ",m.loc.sg,esu,m.loc.pl,,,,,,,,loc,"uyā
uyaṃ",f.loc.sg,"usu
ūsu",f.loc.pl,,loc,"e
ani
amhi
asmiṃ",nt.loc.sg,esu,nt.loc.pl,,aor 2nd,o,imperf.2.sg,attha,,ase,,avhaṃ,,
voc,i,m.voc.sg,"ī
ayo",m.voc.pl,i,f.voc.sg,iyo,f.voc.pl,"i
iṃ",nt.voc.sg,"ī
īni",nt.voc.pl,,,,,,,,,,,,,,,,dat,ubhinnaṃ,dual.dat.sg,,,,,,,,,,,,"māna prp
",masc sg,,masc pl,,fem sg,,fem pl,,neut sg,,neut pl,,,voc,"a
ā",m.voc.sg,ā,m.voc.pl,,,,,,,,voc,u,f.voc.sg,"ū
uyo",f.voc.pl,,voc,"a
ā",nt.voc.sg,āni,nt.voc.pl,,aor 1st,"a
aṃ",imperf.1.sg,amhā,,iṃ,,amhase,,
in comps,i,,,,,,,,,,,,,,,,,,,,,,,,,,,abl,ubhohi,dual.abl.sg,,,,,,,,,,,,nom,māno,m.nom.sg,mānā,m.nom.pl,mānā,f.nom.sg,"mānā
mānāyo",f.nom.pl,mānaṃ,nt.nom.sg,"mānā
mānāni",nt.nom.pl,,in comps,a,,,,,,,,,,,in comps,u,,,,,in comps,a,,,,,,,,,,,,,,
,,,,,,,,,,,,,,,,,,,,,,,,,,,,gen,ubhinnaṃ,dual.gen.sg,,,,,,,,,,,,acc,mānaṃ,m.acc.sg,māne,m.acc.pl,mānaṃ,f.acc.sg,"mānā
mānāyo",f.acc.pl,mānaṃ,nt.acc.sg,"mānā
mānāni",nt.acc.pl,,,,,,,,,,,,,,,,,,,,,,,,,,ssati fut,sg,,pl,,relfx sg,,relfx pl,,
ū adj,masc sg,,masc pl,,fem sg,,fem pl,,neut sg,,neut pl,,,,,,,,,,,,,,,,,loc,ubhosu,dual.loc.sg,,,,,,,,,,,,instr,mānena,m.instr.sg,mānehi,m.instr.pl,mānāya,f.instr.sg,mānāhi,f.instr.pl,mānena,nt.instr.sg,mānehi,nt.instr.pl,,a masc 2,masc sg,,masc pl,,,,,,,,,jāti f,fem sg,,fem pl,,,,,,,,,fut 3rd,ssati,fut.3.sg,ssanti,,ssate,,ssante,,
nom,ū,m.nom.sg,"ū
uno
ūno",m.nom.pl,unī,f.nom.sg,"unī
uniyo",f.nom.pl,uṃ,nt.nom.sg,"uni
ū",nt.nom.pl,,,,,,,,,,,,,,,,in comps,ubho,,,,,,,,,,,,,dat,"mānāya
mānassa",m.dat.sg,mānānaṃ,m.dat.pl,mānāya,f.dat.sg,mānānaṃ,f.dat.pl,"mānāya
mānassa",nt.dat.sg,mānānaṃ,nt.dat.pl,,nom,ā,m.nom.sg,āno,m.nom.pl,,,,,,,,nom,jāti,f.nom.sg,jātiyo,f.nom.pl,,,,,,,,fut 2nd,ssasi,fut.2.sg,ssatha,,ssase,,ssavhe,,
acc,uṃ,m.acc.sg,"ū
uno
ūno",m.acc.pl,uniṃ,f.acc.sg,"unī
uniyo",f.acc.pl,uṃ,nt.acc.sg,"uni
ū",nt.acc.pl,,,,,,,,,,,,,,,,,,,,,,,,,,,,,,abl,"mānā
mānamhā
mānasmā",m.abl.sg,mānehi,m.abl.pl,mānāya,f.abl.sg,mānāhi,f.abl.pl,"mānā
mānamhā
mānasmā",nt.abl.sg,mānehi,nt.abl.pl,,acc,"ānaṃ
anaṃ
aṃ",m.acc.sg,āno,m.acc.pl,,,,,,,,acc,jātiṃ,f.acc.sg,jātiyo,f.acc.pl,,,,,,,,fut 1st,ssāmi,fut.1.sg,ssāma,,ssaṃ,,ssāmhe,,
instr,unā,m.instr.sg,ūhi,m.instr.pl,uniyā,f.instr.sg,unīhi,f.instr.pl,unā,nt.instr.sg,ūhi,nt.instr.pl,,,,,,,,,,,,,,,,,,,,,,,,,,,,,,gen,mānassa,m.gen.sg,mānānaṃ,m.gen.pl,mānāya,f.gen.sg,mānānaṃ,f.gen.pl,mānassa,nt.gen.sg,mānānaṃ,nt.gen.pl,,instr,"anā
ena",m.instr.sg,anehi,m.instr.pl,,,,,,,,instr,"jātiyā
jaccā",f.instr.sg,jātiyo,f.instr.pl,,,,,,,,,,,,,,,,,
dat,uno,m.dat.sg,ūnaṃ,m.dat.pl,uniyā,f.dat.sg,unīnaṃ,f.dat.pl,uno,nt.dat.sg,ūnaṃ,nt.dat.pl,,,,,,,,,,,,,,,,,,,,,,,,,,,,,,loc,"māne
mānamhi
mānasmiṃ",m.loc.sg,mānesu,m.loc.pl,"mānāyaṃ
mānāya",f.loc.sg,mānāsu,f.loc.pl,"māne
mānamhi
mānasmiṃ",nt.loc.sg,mānesu,nt.loc.pl,,dat,ano,m.dat.sg,ānaṃ,m.dat.pl,,,,,,,,dat,"jātiyā
jaccā",f.dat.sg,jātīhi,f.dat.pl,,,,,,,,ati fut,sg,,pl,,relfx sg,,relfx pl,,
abl,unā,m.abl.sg,ūhi,m.abl.pl,uniyā,f.abl.sg,unīhi,f.abl.pl,unā,nt.abl.sg,ūhi,nt.abl.pl,,,,,,,,,,,,,,,,,,,,,,,,,,,,,,voc,"māna
mānā",m.voc.sg,mānā,m.voc.pl,māne,f.voc.sg,"mānā
mānāyo",f.voc.pl,"māna
mānā",nt.voc.sg,mānāni,nt.voc.pl,,abl,anā,m.abl.sg,anehi,m.abl.pl,,,,,,,,abl,"jātiyā
jaccā",f.abl.sg,jātīnaṃ,f.abl.pl,,,,,,,,fut 3rd,ati,fut.3.sg,anti,,ate,,ante,,
gen,"uno
ussa",m.gen.sg,"ūnaṃ
unnaṃ",m.gen.pl,uniyā,f.gen.sg,unīnaṃ,f.gen.pl,"uno
ussa",nt.gen.sg,"ūnaṃ
unnaṃ",nt.gen.pl,,,,,,,,,,,,,,,,,,,,,,,,,,,,,,,,,,,,,,,,,,,,gen,ano,m.gen.sg,ānaṃ,m.gen.pl,,,,,,,,gen,"jātiyā
jaccā",f.gen.sg,jātīhi,f.gen.pl,,,,,,,,fut 2nd,asi,fut.2.sg,atha,,ase,,avhe,,
loc,umhiusmiṃ,m.loc.sg,ūsu,m.loc.pl,"uniyā
uniyaṃ",f.loc.sg,unīsu,f.loc.pl,umhiusmiṃ,nt.loc.sg,ūsu,nt.loc.pl,,,,,,,,,,,,,,,,,,,,,,,,,,,,,,,,,,,,,,,,,,,,loc,ani,m.loc.sg,anesu,m.loc.pl,,,,,,,,loc,"jātiyā
jātiyaṃ",f.loc.sg,jātīnaṃ,f.loc.pl,,,,,,,,fut 1st,āmi,fut.1.sg,āma,,aṃ,,āmhe,,
voc,ū,m.voc.sg,"ū
uno",m.voc.pl,unī,f.voc.sg,"unī
uniyo",f.voc.pl,ū,nt.voc.sg,"uni
ū",nt.voc.pl,,,,,,,,,,,,,,,,,,,,,,,,,,,,,,,,,,,,,,,,,,,,voc,"ā
a",m.voc.sg,āno,m.voc.pl,,,,,,,,voc,jāti,f.voc.sg,jātīsu,f.voc.pl,,,,,,,,,,,,,,,,,
in comps,"u
ū",,,,,,,,,,,,,,,,,,,,,,,,,,,,,,,,,,,,,,,,,,,,,,,,,,,,,,,in comps,a,,,,,,,,,,,in comps,jāti,,,,,,,,,,,atu imp,sg,,pl,,relfx sg,,relfx pl,,
,,,,,,,,,,,,,,,,,,,,,,,,,,,,,,,,,,,,,,,,,,,,,,,,,,,,,,,,,,,,,,,,,,,,,,,,,,,,,,,,fut 3rd,atu,,antu,,ataṃ,,antaṃ,,
aka adj,masc sg,,masc pl,,fem sg,,fem pl,,neut sg,,neut pl,,,,,,,,,,,,,,,,,,,,,,,,,,,,,,,,,,,,,,,,,,,,,"ū masc
",masc sg,,masc pl,,,,,,,,,ā f l,fem sg,,fem pl,,,,,,,,,fut 2nd,"āhi
a",,atha,,assu,,avho,,
nom,ako,m.nom.sg,akā,m.nom.pl,ikā,f.nom.sg,"ikā
āyo",f.nom.pl,akaṃ,nt.nom.sg,"akā
akāni",nt.nom.pl,,,,,,,,,,,,,,,,,,,,,,,,,,,,,,,,,,,,,,,,,,,,nom,ū,m.nom.sg,"ū
uno
ūno",m.nom.pl,,,,,,,,nom,ā,f.nom.sg,"ā
āyo",f.nom.pl,,,,,,,,fut 1st,āmi,,āma,,e,,āmase,,
acc,akaṃ,m.acc.sg,ake,m.acc.pl,ikaṃ,f.acc.sg,"ikā
ikāyo",f.acc.pl,akaṃ,nt.acc.sg,"akā
akāni",nt.acc.pl,,,,,,,,,,,,,,,,,,,,,,,,,,,,,,,,,,,,,,,,,,,,acc,uṃ,m.acc.sg,"ū
uno
ūno",m.acc.pl,,,,,,,,acc,aṃ,f.acc.sg,"ā
āyo",f.acc.pl,,,,,,,,,,,,,,,,,
instr,akena,m.instr.sg,"akehi
akebhi",m.instr.pl,ikāya,f.instr.sg,ikāhi,f.instr.pl,akena,nt.instr.sg,"akehi
akebhi",nt.instr.pl,,,,,,,,,,,,,,,,,,,,,,,,,,,,,,,,,,,,,,,,,,,,instr,unā,m.instr.sg,ūhi,m.instr.pl,,,,,,,,instr,āya,f.instr.sg,āhi,f.instr.pl,,,,,,,,as pr,sg,,pl,,relfx sg,,relfx pl,,
dat,"akāya
akassa",m.dat.sg,akānaṃ,m.dat.pl,ikāya,f.dat.sg,ikānaṃ,f.dat.pl,"akāya
akassa",nt.dat.sg,akānaṃ,nt.dat.pl,,,,,,,,,,,,,,,,,,,,,,,,,,,,,,,,,,,,,,,,,,,,dat,uno,m.dat.sg,ūnaṃ,m.dat.pl,,,,,,,,dat,āya,f.dat.sg,ānaṃ,f.dat.pl,,,,,,,,pr 3rd,atthi,pr.3.sg,"atthi
santi",pr.3.pl,,pr.reflx.3.sg,,pr.reflx.3.pl,
abl,"akā
akamhā
akasmā",m.abl.sg,"akehi
akebhi",m.abl.pl,ikāya,f.abl.sg,ikāhi,f.abl.pl,"akā
akamhā
akasmā",nt.abl.sg,"akehi
akebhi",nt.abl.pl,,,,,,,,,,,,,,,,,,,,,,,,,,,,,,,,,,,,,,,,,,,,abl,unā,m.abl.sg,ūhi,m.abl.pl,,,,,,,,abl,āya,f.abl.sg,āhi,f.abl.pl,,,,,,,,pr 2nd,asi,pr.2.sg,attha,pr.2.pl,,pr.reflx.2.sg,,pr.reflx.2.pl,
gen,akassa,m.gen.sg,akānaṃ,m.gen.pl,ikāya,f.gen.sg,ikānaṃ,f.gen.pl,akassa,nt.gen.sg,akānaṃ,nt.gen.pl,,,,,,,,,,,,,,,,,,,,,,,,,,,,,,,,,,,,,,,,,,,,gen,"uno
ussa",m.gen.sg,"ūnaṃ
unnaṃ",m.gen.pl,,,,,,,,gen,āya,f.gen.sg,ānaṃ,f.gen.pl,,,,,,,,pr 1st,"amhi
asmi",pr.1.sg,"amha
asma",pr.1.pl,,pr.reflx.1.sg,,pr.reflx.1.pl,
loc,"ake
akamhi
akasmiṃ",m.loc.sg,akesu,m.loc.pl,"ikāya
ikāyaṃ",f.loc.sg,ikāsu,f.loc.pl,"ake
akamhi
akasmiṃ",nt.loc.sg,akesu,nt.loc.pl,,,,,,,,,,,,,,,,,,,,,,,,,,,,,,,,,,,,,,,,,,,,loc,"umhi
usmiṃ",m.loc.sg,ūsu,m.loc.pl,,,,,,,,loc,"āya
āyaṃ
ati",f.loc.sg,āsu,f.loc.pl,,,,,,,,aor 3rd,"āsi
āsa",imp.3.sg,"āsiṃsu
āsuṃ",imp.3.pl,,imp.reflx.3.sg,,imp.reflx.3.pl,
voc,"aka
akā",m.voc.sg,akā,m.voc.pl,ike,f.voc.sg,"ikā
ikāyo",f.voc.pl,"aka
akā",nt.voc.sg,akāni,nt.voc.pl,,,,,,,,,,,,,,,,,,,,,,,,,,,,,,,,,,,,,,,,,,,,voc,ū,m.voc.sg,"ū
uno",m.voc.pl,,,,,,,,voc,e,f.voc.sg,"ā
āyo",f.voc.pl,,,,,,,,aor 2nd,āsi,imp.2.sg,āsittha,imp.2.pl,,imp.reflx.2.sg,,imp.reflx.2.pl,
in comps,aka,,,,,,,,,,,,,,,,,,,,,,,,,,,,,,,,,,,,,,,,,,,,,,,,,,,,,,,in comps,"u
ū",,,,,,,,,,,in comps,"a
ā",,,,,,,,,,,aor 1st,āsiṃ,imp.1.sg,"āsiṃha
āsiṃhā",imp.1.pl,,imp.reflx.1.sg,,imp.reflx.1.pl,
,,,,,,,,,,,,,,,,,,,,,,,,,,,,,,,,,,,,,,,,,,,,,,,,,,,,,,,,,,,,,,,,,,,,,,,,,,,,,,,,imp 3rd,atthu,opt.3.sg,santu,opt.3.pl,,opt.reflx.3.sg,,opt.reflx.3.pl,
a ordin,masc sg,,masc pl,,fem sg,,fem pl,,neut sg,,neut pl,,,,,,,,,,,,,,,,,,,,,,,,,,,,,,,,,,,,,,,,,,,,,ant masc,masc sg,,masc pl,,,antu m,masc sg,,masc pl,,,,,,,,,,,,,,,imp 2nd,āhi,opt.2.sg,attha,opt.2.pl,,opt.reflx.2.sg,,opt.reflx.2.pl,
nom,o,m.nom.sg,ā,m.nom.pl,ā,f.nom.sg,"ā
āyo",f.nom.pl,aṃ,nt.nom.sg,"ā
āni",nt.nom.pl,,,,,,,,,,,,,,,,,,,,,,,,,,,,,,,,,,,,,,,,,,,,nom,"ā
anto",m.nom.sg,"ā
anto
antā",m.nom.pl,,nom,"ā
anto",m.nom.sg,"ā
anto
antā",m.nom.pl,,,,,,,,,,,,,,imp 1st,"amhi
asmi",opt.1.sg,"amha
asma",opt.1.pl,,opt.reflx.1.sg,,opt.reflx.1.pl,
acc,aṃ,m.acc.sg,e,m.acc.pl,aṃ,f.acc.sg,"ā
āyo",f.acc.pl,aṃ,nt.acc.sg,"ā
āni",nt.acc.pl,,,,,,,,,,,,,,,,,,,,,,,,,,,,,,,,,,,,,,,,,,,,acc,antaṃ,m.acc.sg,ante,m.acc.pl,,acc,antaṃ,m.acc.sg,ante,m.acc.pl,,,,,,,,,,,,,,opt 3rd,"siyā
assa",fut.3.sg,"siyuṃ
assu
siyaṃsu",fut.3.pl,,fut.reflx.3.sg,,fut.reflx.3.pl,
instr,ena,m.instr.sg,"ehi
ebhi",m.instr.pl,āya,f.instr.sg,āhi,f.instr.pl,ena,nt.instr.sg,"ehi
ebhi",nt.instr.pl,,,,,,,,,,,,,,,,,,,,,,,,,,,,,,,,,,,,,,,,,,,,instr,"atā
antena",m.instr.sg,antehi,m.instr.pl,,instr,"atā
antena",m.instr.sg,antehi,m.instr.pl,,,,,,,,,,,,,,opt 2nd,assa,fut.2.sg,assatha,fut.2.pl,,fut.reflx.2.sg,,fut.reflx.2.pl,
dat,"āya
assa",m.dat.sg,ānaṃ,m.dat.pl,āya,f.dat.sg,ānaṃ,f.dat.pl,"āya
assa",nt.dat.sg,ānaṃ,nt.dat.pl,,,,,,,,,,,,,,,,,,,,,,,,,,,,,,,,,,,,,,,,,,,,dat,"ato
antassa",m.dat.sg,"ataṃ
antānaṃ",m.dat.pl,,dat,"ato
antassa",m.dat.sg,"ataṃ
antānaṃ",m.dat.pl,,,,,,,,,,,,,,opt 1st,"siyaṃ
assaṃ",fut.1.sg,assāma,fut.1.pl,,fut.reflx.1.sg,,fut.reflx.1.pl,
abl,"ā
amhā
asmā",m.abl.sg,"ehi
ebhi",m.abl.pl,āya,f.abl.sg,āhi,f.abl.pl,"ā
amhā
asmā",nt.abl.sg,"ehi
ebhi",nt.abl.pl,,,,,,,,,,,,,,,,,,,,,,,,,,,,,,,,,,,,,,,,,,,,abl,"atā
antā
antasmā
antamhā",m.abl.sg,antehi,m.abl.pl,,abl,"atā
antā
antasmā
antamhā",m.abl.sg,antehi,m.abl.pl,,,,,,,,,,,,,,,,,,,,,,,
gen,assa,m.gen.sg,ānaṃ,m.gen.pl,āya,f.gen.sg,ānaṃ,f.gen.pl,assa,nt.gen.sg,ānaṃ,nt.gen.pl,,,,,,,,,,,,,,,,,,,,,,,,,,,,,,,,,,,,,,,,,,,,gen,"ato
antassa",m.gen.sg,"ataṃ
antānaṃ",m.gen.pl,,gen,"ato
antassa",m.gen.sg,"ataṃ
antānaṃ",m.gen.pl,,,,,,,,,,,,,,hū aor,sg,,pl,,relfx sg,,relfx pl,,
loc,"e
amhi
asmiṃ",m.loc.sg,esu,m.loc.pl,"āya
āyaṃ",f.loc.sg,āsu,f.loc.pl,"e
amhi
asmiṃ",nt.loc.sg,esu,nt.loc.pl,,,,,,,,,,,,,,,,,,,,,,,,,,,,,,,,,,,,,,,,,,,,loc,"ati
ante
antasmiṃ
antamhi",m.loc.sg,antesu,m.loc.pl,,loc,"ati
ante
antasmiṃ
antamhi",m.loc.sg,antesu,m.loc.pl,,,,,,,,,,,,,,fut 3rd,"ahosi
ahu",fut.3.sg,"ahesuṃ
ahuṃ",,ahuvā,,ahuvu,,
voc,"a
ā",m.voc.sg,ā,m.voc.pl,e,f.voc.sg,"ā
āyo",f.voc.pl,"a
ā",nt.voc.sg,āni,nt.voc.pl,,,,,,,,,,,,,,,,,,,,,,,,,,,,,,,,,,,,,,,,,,,,voc,"aṃ
a
ā",m.voc.sg,"anto
antā",m.voc.pl,,voc,"aṃ
a
ā",m.voc.sg,"anto
antā",m.voc.pl,,,,,,,,,,,,,,fut 2nd,"ahuvo
ahosi",fut.2.sg,"ahuvattha
ahosittha",,ahuvase,,ahuvivhaṃ,,
in comps,a,,,,,,,,,,,,,,,,,,,,,,,,,,,,,,,,,,,,,,,,,,,,,,,,,,,,,,,in comps,"a
aṃ
am",m.,,,,in comps,"a
aṃ
am",m.,,,,,,,,,,,,,,,,fut 1st,"ahosiṃ
ahuṃ
ahuvāsiṃ",fut.1.sg,"ahumha
ahumhā
ahosimha",,"ahuvaṃ
ahuṃ",,ahuvimhe,,
,,,,,,,,,,,,,,,,,,,,,,,,,,,,,,,,,,,,,,,,,,,,,,,,,,,,,,,,,,,,,,,,,,,,,,,,,,,,,,,,,,,,,,,,,
anta adj,masc sg,,masc pl,,fem sg,,fem pl,,neut sg,,neut pl,,,,,,,,,,,,,,,,,,,,,,,,,,,,,,,,,,,,,,,,,,,,,rāja masc,masc sg,,masc pl,,,,,,,,,,,,,,,,,,,,,issati fut,sg,,pl,,relfx sg,,relfx pl,,
nom,"ā
aṃ
anto",m.nom.sg,"anto
antā",m.nom.pl,"atī
antī",f.nom.sg,"atiyo
antiyo",f.nom.pl,"aṃ
antaṃ",nt.nom.sg,antāni,nt.nom.pl,,,,,,,,,,,,,,,,,,,,,,,,,,,,,,,,,,,,,,,,,,,,nom,rājā,m.nom.sg,rājāno,m.nom.pl,,,,,,,,,,,,,,,,,,,,fut 3rd,issati,fut.3.sg,issanti,,issate,,issante,,
acc,antaṃ,m.acc.sg,"anto
ante",m.acc.pl,"atiṃ
antiṃ",f.acc.sg,"atiyo
antiyo",f.acc.pl,"aṃ
antaṃ",nt.acc.sg,antāni,nt.acc.pl,,,,,,,,,,,,,,,,,,,,,,,,,,,,,,,,,,,,,,,,,,,,acc,"rājānaṃ
rājaṃ",m.acc.sg,rājāno,m.acc.pl,,,,,,,,,,,,,,,,,,,,fut 2nd,issasi,fut.2.sg,issatha,,issase,,issavhe,,
instr,"atā
antena",m.instr.sg,antehi,m.instr.pl,"atiyā
antiyā",f.instr.sg,"atīhi
antīhi",f.instr.pl,atā,nt.instr.sg,antehi,nt.instr.pl,,,,,,,,,,,,,,,,,,,,,,,,,,,,,,,,,,,,,,,,,,,,instr,"raññā
rājena",m.instr.sg,"rājūhi
rājehi",m.instr.pl,,,,,,,,,,,,,,,,,,,,fut 1st,issāmi,fut.1.sg,issāma,,issaṃ,,issāmhe,,
dat,ato,m.dat.sg,"ataṃ
antānaṃ",m.dat.pl,"atiyā
antiyā",f.dat.sg,"atīnaṃ
antīnaṃ",f.dat.pl,ato,nt.dat.sg,antānaṃ,nt.dat.pl,,,,,,,,,,,,,,,,,,,,,,,,,,,,,,,,,,,,,,,,,,,,dat,"rañño
rājino",m.dat.sg,"raññaṃ
rājānaṃ
rājūnaṃ",m.dat.pl,,,,,,,,,,,,,,,,,,,,,,,,,,,,,
abl,"atā
antamhā
antasmā",m.abl.sg,antehi,m.abl.pl,"atiyā
antiyā",f.abl.sg,"atīhi
antīhi",f.abl.pl,atā,nt.abl.sg,antehi,nt.abl.pl,,,,,,,,,,,,,,,,,,,,,,,,,,,,,,,,,,,,,,,,,,,,abl,"rañña
rājamhā
rājasmā",m.abl.sg,"rājūhi
rājehi",m.abl.pl,,,,,,,,,,,,,,,,,,,,hiti fut,sg,,pl,,relfx sg,,relfx pl,,
gen,"ato
antassa",m.gen.sg,"ataṃ
antānaṃ",m.gen.pl,"atiyā
antiyā",f.gen.sg,"atīnaṃ
antīnaṃ",f.gen.pl,ato,nt.gen.sg,antānaṃ,nt.gen.pl,,,,,,,,,,,,,,,,,,,,,,,,,,,,,,,,,,,,,,,,,,,,gen,"rañño
rājino",m.gen.sg,"raññaṃ
rājūnaṃ
rājānaṃ",m.gen.pl,,,,,,,,,,,,,,,,,,,,fut 3rd,hiti,fut.3.sg,hinti,,hite,,hinte,,
loc,"ati
ante
antamhi
antasmiṃ",m.loc.sg,antesu,m.loc.pl,"atiyā
atiyaṃ
antiyā
antiyaṃ",f.loc.sg,"atīsu
antīsu",f.loc.pl,ati,nt.loc.sg,antesu,nt.loc.pl,,,,,,,,,,,,,,,,,,,,,,,,,,,,,,,,,,,,,,,,,,,,loc,"rājini
raññe
rājamhi
rājasmiṃ",m.loc.sg,"rājūsu
rājesu",m.loc.pl,,,,,,,,,,,,,,,,,,,,fut 2nd,hisi,fut.2.sg,hitha,,hise,,hivhe,,
voc,"a
ā",m.voc.sg,anto,m.voc.pl,"atī
antī",f.voc.sg,"atiyo
antiyo",f.voc.pl,"a
aṃ",nt.voc.sg,antāni,nt.voc.pl,,,,,,,,,,,,,,,,,,,,,,,,,,,,,,,,,,,,,,,,,,,,voc,"rāja
rājā",m.voc.sg,rājāno,m.voc.pl,,,,,,,,,,,,,,,,,,,,fut 1st,himi,fut.1.sg,hima,,hiṃ,,himhe,,
in comps,ā,,,,,,,,,,,,,,,,,,,,,,,,,,,,,,,,,,,,,,,,,,,,,,,,,,,,,,,in comps,rāja,,,,,,,,,,,,,,,,,,,,,,,,,,,,,,,,
,,,,,,,,,,,,,,,,,,,,,,,,,,,,,,,,,,,,,,,,,,,,,,,,,,,,,,,,,,,,,,,,,,,,,,,,,,,,,,,,i aor irreg,sg,,pl,,relfx sg,,relfx pl,,
santa adj,masc sg,,masc pl,,fem sg,,fem pl,,neut sg,,neut pl,,,,,,,,,,,,,,,,,,,,,,,,,,,,,,,,,,,,,,,,,,,,,"bhavant masc
",masc sg,,masc pl,,,"bhavanta masc
",masc sg,,masc pl,,,,,,,,,,,,,,,aor 3rd,"i
ī",aor.3.sg,"iṃsu
uṃ",,ā,,ū,,
nom,santo,m.nom.sg,"santo
santā",m.nom.pl,santī,f.nom.sg,"santī
santiyo",f.nom.pl,santaṃ,nt.nom.sg,"santā
santāni",nt.nom.pl,,,,,,,,,,,,,,,,,,,,,,,,,,,,,,,,,,,,,,,,,,,,nom,"bhavaṃ
bho",m.nom.sg,"bhavanto
bhonto
bhavantā",m.nom.pl,,nom,"bhavaṃ
bho",m.nom.sg,"bhavanto
bhonto
bhavantā",m.nom.pl,,,,,,,,,,,,,,aor 2nd,"i
o",aor.2.sg,ittha,,ise,,ivhaṃ,,
acc,"santaṃ
sataṃ",m.acc.sg,sante,m.acc.pl,santiṃ,f.acc.sg,"santī
santiyo",f.acc.pl,santaṃ,nt.acc.sg,"santā
santāni",nt.acc.pl,,,,,,,,,,,,,,,,,,,,,,,,,,,,,,,,,,,,,,,,,,,,acc,bhavantaṃ,m.acc.sg,bhavante,m.acc.pl,,acc,bhavantaṃ,m.acc.sg,bhavante,m.acc.pl,,,,,,,,,,,,,,aor 1st,"iṃ
issaṃ
isaṃ",aor.1.sg,"imha
imhā",,"aṃ
a",,imhe,,
instr,"satā
santena",m.instr.sg,santehi,m.instr.pl,santiyā,f.instr.sg,santīhi,f.instr.pl,"satā
santena",nt.instr.sg,santehi,nt.instr.pl,,,,,,,,,,,,,,,,,,,,,,,,,,,,,,,,,,,,,,,,,,,,instr,"bhavatā
bhotā
bhavantena",m.instr.sg,bhavantehi,m.instr.pl,,instr,"bhavatā
bhotā
bhavantena",m.instr.sg,bhavantehi,m.instr.pl,,,,,,,,,,,,,,,,,,,,,,,
dat,"sato
santassa",m.dat.sg,"sataṃ
santānaṃ
satānaṃ",m.dat.pl,santiyā,f.dat.sg,santīnaṃ,f.dat.pl,"satāya
santassa",nt.dat.sg,santānaṃ,nt.dat.pl,,,,,,,,,,,,,,,,,,,,,,,,,,,,,,,,,,,,,,,,,,,,dat,"bhavato
bhoto
bhavantassa",m.dat.sg,"bhavataṃ
bhavantānaṃ",m.dat.pl,,dat,"bhavato
bhoto
bhavantassa",m.dat.sg,"bhavataṃ
bhavantānaṃ",m.dat.pl,,,,,,,,,,,,,,issa cond,sg,,pl,,relfx sg,,relfx pl,,
abl,"satā
santamhā
santasmā",m.abl.sg,santehi,m.abl.pl,santiyā,f.abl.sg,santīhi,f.abl.pl,"satā
santamhā
santasmā",nt.abl.sg,santehi,nt.abl.pl,,,,,,,,,,,,,,,,,,,,,,,,,,,,,,,,,,,,,,,,,,,,abl,"bhavatā
bhotā",m.abl.sg,bhavantehi,m.abl.pl,,abl,"bhavatā
bhotā",m.abl.sg,bhavantehi,m.abl.pl,,,,,,,,,,,,,,cond 3rd,"issa
issā",cond.3.sg,issaṃsu,,issatha,,issisu,,
gen,"sato
santassa",m.gen.sg,"sataṃ
santānaṃ
satānaṃ",m.gen.pl,santiyā,f.gen.sg,santīnaṃ,f.gen.pl,santassa,nt.gen.sg,santānaṃ,nt.gen.pl,,,,,,,,,,,,,,,,,,,,,,,,,,,,,,,,,,,,,,,,,,,,gen,"bhavato
bhoto
bhavantassa",m.gen.sg,"bhavataṃ
bhavantānaṃ",m.gen.pl,,gen,"bhavato
bhoto
bhavantassa",m.gen.sg,"bhavataṃ
bhavantānaṃ",m.gen.pl,,,,,,,,,,,,,,cond 2rd,"issa
isse",cond.2.sg,issatha,,issase,,issavhe,,
loc,"sati
sante
santamhi
santasmiṃ",m.loc.sg,santesu,m.loc.pl,"santiyā
santiyāṃ",f.loc.sg,santīsu,f.loc.pl,"sante
santamhi
santasmiṃ",nt.loc.sg,santesu,nt.loc.pl,,,,,,,,,,,,,,,,,,,,,,,,,,,,,,,,,,,,,,,,,,,,loc,"bhavati
bhavante
bhavantamhi
bhavantasmiṃ",m.loc.sg,bhavantesu,m.loc.pl,,loc,"bhavati
bhavante
bhavantamhi
bhavantasmiṃ",m.loc.sg,bhavantesu,m.loc.pl,,,,,,,,,,,,,,cond 1st,issaṃ,cond.1.sg,"issamha
issamhā
issāmhā",,issiṃ,,issāmhase,,
voc,santa,m.voc.sg,"santo
santā",m.voc.pl,"santi
santī",f.voc.sg,"santī
santiyo",f.voc.pl,"santa
santā",nt.voc.sg,santāni,nt.voc.pl,,,,,,,,,,,,,,,,,,,,,,,,,,,,,,,,,,,,,,,,,,,,voc,"bho
bhante",m.voc.sg,"bhonto
bhavanto",m.voc.pl,,voc,"bho
bhante",m.voc.sg,"bhonto
bhavanto",m.voc.pl,,,,,,,,,,,,,,,,,,,,,,,
in comps,santa,,,,,,,,,,,,,,,,,,,,,,,,,,,,,,,,,,,,,,,,,,,,,,,,,,,,,,,in comps,,,,,,in comps,,,,,,,,,,,,,,,,,,ñā opt,sg,,pl,,,,,,
,,,,,,,,,,,,,,,,,,,,,,,,,,,,,,,,,,,,,,,,,,,,,,,,,,,,,,,,,,,,,,,,,,,,,,,,,,,,,,,,opt 3rd,"jāniyā
jaññā
jāneyya",opt.3.sg,jāneyyuṃ,,,,,,
,,,,,,,,,,,,,,,,,,,,,,,,,,,,,,,,,,,,,,,,,,,,,,,,,,,,,,,,ar masc 2,masc sg,,masc pl,,,ar masc 2,masc sg,,masc pl,,,,,,,,,,,,,,,opt 2nd,jāneyyāsi,opt.2.sg,jāneyyātha,,,,,,
,,,,,,,,,,,,,,,,,,,,,,,,,,,,,,,,,,,,,,,,,,,,,,,,,,,,,,,,nom,ā,m.nom.sg,aro,m.nom.pl,,nom,ā,m.nom.sg,aro,m.nom.pl,,,,,,,,,,,,,,opt 1st,jāneyyāmi,opt.1.sg,"jāneyyāma
jāniyāmase",,,,,,
,,,,,,,,,,,,,,,,,,,,,,,,,,,,,,,,,,,,,,,,,,,,,,,,,,,,,,,,acc,araṃ,m.acc.sg,"are
aro",m.acc.pl,,acc,araṃ,m.acc.sg,"are
aro",m.acc.pl,,,,,,,,,,,,,,,,,,,,,,,
,,,,,,,,,,,,,,,,,,,,,,,,,,,,,,,,,,,,,,,,,,,,,,,,,,,,,,,,instr,"arā
unā",m.instr.sg,"arehi
ūhi",m.instr.pl,,instr,"arā
unā",m.instr.sg,"arehi
ūhi",m.instr.pl,,,,,,,,,,,,,,vac aor,sg,,pl,,relfx sg,,relfx pl,,
,,,,,,,,,,,,,,,,,,,,,,,,,,,,,,,,,,,,,,,,,,,,,,,,,,,,,,,,dat,"u
uno
ussa",m.dat.sg,"arānaṃ
ānaṃ
ūnaṃ
unnaṃ",m.dat.pl,,dat,"u
uno
ussa",m.dat.sg,"arānaṃ
ānaṃ
ūnaṃ
unnaṃ",m.dat.pl,,,,,,,,,,,,,,aor 3rd,"avacī
avacāsi",aor.3.sg,"avocuṃ
avaciṃsu",,avoca,,avocu,,
,,,,,,,,,,,,,,,,,,,,,,,,,,,,,,,,,,,,,,,,,,,,,,,,,,,,,,,,abl,arā,m.abl.sg,"arehi
ūhi",m.abl.pl,,abl,arā,m.abl.sg,"arehi
ūhi",m.abl.pl,,,,,,,,,,,,,,aor 2nd,"avaca
avoco",aor.2.sg,"avocuttha
avacuttha",,avocase,,avocivhaṃ,,
,,,,,,,,,,,,,,,,,,,,,,,,,,,,,,,,,,,,,,,,,,,,,,,,,,,,,,,,gen,"u
uno
ussa",m.gen.sg,"arānaṃ
ānaṃ
ūnaṃ
unnaṃ",m.gen.pl,,gen,"u
uno
ussa",m.gen.sg,"arānaṃ
ānaṃ
ūnaṃ
unnaṃ",m.gen.pl,,,,,,,,,,,,,,aor 1st,avociṃ,aor.1.sg,"avocumha
avocumhā",,"avocaṃ
avociṃ",,avocimhe,,
,,,,,,,,,,,,,,,,,,,,,,,,,,,,,,,,,,,,,,,,,,,,,,,,,,,,,,,,loc,ari,m.loc.sg,"aresu
usu",m.loc.pl,,loc,ari,m.loc.sg,"aresu
usu",m.loc.pl,,,,,,,,,,,,,,,,,,,,,,,
,,,,,,,,,,,,,,,,,,,,,,,,,,,,,,,,,,,,,,,,,,,,,,,,,,,,,,,,voc,"a
ā",m.voc.sg,aro,m.voc.pl,,voc,"a
ā",m.voc.sg,aro,m.voc.pl,,,,,,,,,,,,,,dis aor,sg,,pl,,,,,,
,,,,,,,,,,,,,,,,,,,,,,,,,,,,,,,,,,,,,,,,,,,,,,,,,,,,,,,,in comps,ā,,,,,in comps,ā,,,,,,,,,,,,,,,,,aor 3rd,"adda
addā
apassi
addasa
addasāsi
adakkhi
addakkhi",aor.3.sg,"apassiṃsu
addasuṃ
addasaṃsu
adakkhiṃsu",,,,,,
,,,,,,,,,,,,,,,,,,,,,,,,,,,,,,,,,,,,,,,,,,,,,,,,,,,,,,,,,,,,,,,,,,,,,,,,,,,,,,,,aor 2nd,"apassi
addasa
addakkho",aor.2.sg,"apassittha
adakkhittha",,,,,,
,,,,,,,,,,,,,,,,,,,,,,,,,,,,,,,,,,,,,,,,,,,,,,,,,,,,,,,,arahanta m,masc sg,,masc pl,,,,,,,,,,,,,,,,,,,,,aor 1st,"apassiṃ
addasaṃ
addasāsiṃ
addakkhiṃ",aor.1.sg,"apassimha
adakkhimha",,,,,,
,,,,,,,,,,,,,,,,,,,,,,,,,,,,,,,,,,,,,,,,,,,,,,,,,,,,,,,,nom,"arahā
arahaṃ
arahanto",m.nom.sg,"arahanto
arahantā",,,,,,,,,,,,,,,,,,,,,,,,,,,,,,
,,,,,,,,,,,,,,,,,,,,,,,,,,,,,,,,,,,,,,,,,,,,,,,,,,,,,,,,acc,arahantaṃ,m.acc.sg,arahante,,,,,,,,,,,,,,,,,,,,,etu imp,sg,,pl,,reflx sg,,reflx pl,,
,,,,,,,,,,,,,,,,,,,,,,,,,,,,,,,,,,,,,,,,,,,,,,,,,,,,,,,,instr,"arahatā
arahantena",m.instr.sg,arahantehi,,,,,,,,,,,,,,,,,,,,,imp 3rd,etu,,entu,,etaṃ,,entaṃ,,
,,,,,,,,,,,,,,,,,,,,,,,,,,,,,,,,,,,,,,,,,,,,,,,,,,,,,,,,dat,arahato,m.dat.sg,"arahataṃ
arahantānaṃ",,,,,,,,,,,,,,,,,,,,,imp 2nd,ehi,,etha,,essu,,evho,,
,,,,,,,,,,,,,,,,,,,,,,,,,,,,,,,,,,,,,,,,,,,,,,,,,,,,,,,,abl,"arahatā
arahantamhā
arahantasmā",m.abl.sg,arahantehi,,,,,,,,,,,,,,,,,,,,,imp 1st,emi,,ema,,e,,emase,,
,,,,,,,,,,,,,,,,,,,,,,,,,,,,,,,,,,,,,,,,,,,,,,,,,,,,,,,,gen,"arahato
arahantassa",m.gen.sg,"arahataṃ
arahantānaṃ",,,,,,,,,,,,,,,,,,,,,,,,,,,,,,
,,,,,,,,,,,,,,,,,,,,,,,,,,,,,,,,,,,,,,,,,,,,,,,,,,,,,,,,loc,"arahati
arahante
arahantamhi
arahantasmiṃ",m.loc.sg,arahantesu,,,,,,,,,,,,,,,,,,,,,āh perf,sg,,pl,,,,,,
,,,,,,,,,,,,,,,,,,,,,,,,,,,,,,,,,,,,,,,,,,,,,,,,,,,,,,,,voc,arahā,m.voc.sg,arahanto,,,,,,,,,,,,,,,,,,,,,imp 3rd,āha,,"āhu
āhaṃsu",,,,,,
,,,,,,,,,,,,,,,,,,,,,,,,,,,,,,,,,,,,,,,,,,,,,,,,,,,,,,,,in comps,arahanta,,,,,,,,,,,,,,,,,,,,,,,imp 2nd,-,,-,,,,,,
,,,,,,,,,,,,,,,,,,,,,,,,,,,,,,,,,,,,,,,,,,,,,,,,,,,,,,,,,,,,,,,,,,,,,,,,,,,,,,,,imp 1st,-,,-,,,,,,
,,,,,,,,,,,,,,,,,,,,,,,,,,,,,,,,,,,,,,,,,,,,,,,,,,,,,,,,ā root,masc sg,,masc pl,,,,,,,,,,,,,,,,,,,,,,,,,,,,,,
,,,,,,,,,,,,,,,,,,,,,,,,,,,,,,,,,,,,,,,,,,,,,,,,,,,,,,,,nom,ā,m.nom.sg,ā,,,,,,,,,,,,,,,,,,,,,otu imp,sg,,pl,,relfx sg,,relfx pl,,
,,,,,,,,,,,,,,,,,,,,,,,,,,,,,,,,,,,,,,,,,,,,,,,,,,,,,,,,acc,aṃ,m.acc.sg,e,,,,,,,,,,,,,,,,,,,,,imp 3rd,otu,,ontu,,otaṃ,,ontaṃ,,
,,,,,,,,,,,,,,,,,,,,,,,,,,,,,,,,,,,,,,,,,,,,,,,,,,,,,,,,instr,ena,m.instr.sg,"ehi
ebhi",,,,,,,,,,,,,,,,,,,,,imp 2nd,ohi,,otha,,ossu,,ovho,,
,,,,,,,,,,,,,,,,,,,,,,,,,,,,,,,,,,,,,,,,,,,,,,,,,,,,,,,,dat,"āya
assa",m.dat.sg,ānaṃ,,,,,,,,,,,,,,,,,,,,,imp 1st,omi,,oma,,e,,omase,,
,,,,,,,,,,,,,,,,,,,,,,,,,,,,,,,,,,,,,,,,,,,,,,,,,,,,,,,,abl,"ā
amhā
asmā",m.abl.sg,"ehi
ebhi",,,,,,,,,,,,,,,,,,,,,,,,,,,,,,
,,,,,,,,,,,,,,,,,,,,,,,,,,,,,,,,,,,,,,,,,,,,,,,,,,,,,,,,gen,assa,m.gen.sg,ānaṃ,,,,,,,,,,,,,,,,,,,,,labh aor,sg,,pl,,,,,,
,,,,,,,,,,,,,,,,,,,,,,,,,,,,,,,,,,,,,,,,,,,,,,,,,,,,,,,,loc,"e
amhi
asmiṃ",m.loc.sg,esu,,,,,,,,,,,,,,,,,,,,,aor 3rd,"alabhi
alattha",,"alabhiṃsu
alatthuṃ",,,,,,
,,,,,,,,,,,,,,,,,,,,,,,,,,,,,,,,,,,,,,,,,,,,,,,,,,,,,,,,voc,"a
ā",m.voc.sg,ā,,,,,,,,,,,,,,,,,,,,,aor 2nd,"alabha
alabhi
alattha",,"alabhittha
labhittha",,,,,,
,,,,,,,,,,,,,,,,,,,,,,,,,,,,,,,,,,,,,,,,,,,,,,,,,,,,,,,,in comps,ā,,,,,,,,,,,,,,,,,,,,,,,aor 1st,"alabhiṃ
alatthaṃ",,"alabhimha
alabhimhā
alatthamha",,,,,,
,,,,,,,,,,,,,,,,,,,,,,,,,,,,,,,,,,,,,,,,,,,,,,,,,,,,,,,,,,,,,,,,,,,,,,,,,,,,,,,,,,,,,,,,,
,,,,,,,,,,,,,,,,,,,,,,,,,,,,,,,,,,,,,,,,,,,,,,,,,,,,,,,,santa m,masc sg,,masc pl,,,,,,,,,,,,,,,,,,,,,vad opt,sg,,pl,,,,,,
,,,,,,,,,,,,,,,,,,,,,,,,,,,,,,,,,,,,,,,,,,,,,,,,,,,,,,,,nom,"saṃ
santo",m.nom.sg,"santo
santā",,,,,,,,,,,,,,,,,,,,,opt 3rd,"vade
vadeyya
vajje
vajjeyya
vajjā",,"vadeyyuṃ
vajjeyyuṃ
vajjuṃ",,,,,,
,,,,,,,,,,,,,,,,,,,,,,,,,,,,,,,,,,,,,,,,,,,,,,,,,,,,,,,,acc,"saṃ
santaṃ
sataṃ",m.acc.sg,sante,,,,,,,,,,,,,,,,,,,,,opt 2nd,"vadeyyāsi
vajjāsi
vajja",,"vadeyyātha
vajjātha",,,,,,
,,,,,,,,,,,,,,,,,,,,,,,,,,,,,,,,,,,,,,,,,,,,,,,,,,,,,,,,instr,"satā
santena",m.instr.sg,santehi,,,,,,,,,,,,,,,,,,,,,opt 1st,"vadeyyāmi
vajjāmi
vajjaṃ",,"vadeyyāma
vajjāma",,,,,,
,,,,,,,,,,,,,,,,,,,,,,,,,,,,,,,,,,,,,,,,,,,,,,,,,,,,,,,,dat,"sato
santassa",m.dat.sg,"sataṃ
santānaṃ
satānaṃ",,,,,,,,,,,,,,,,,,,,,,,,,,,,,,
,,,,,,,,,,,,,,,,,,,,,,,,,,,,,,,,,,,,,,,,,,,,,,,,,,,,,,,,abl,"satā
santamhā
santasmā
santā",m.abl.sg,santehi,,,,,,,,,,,,,,,,,,,,,han pr,sg,,pl,,reflx sg,,reflx pl,,
,,,,,,,,,,,,,,,,,,,,,,,,,,,,,,,,,,,,,,,,,,,,,,,,,,,,,,,,gen,"sato
santassa",m.gen.sg,"sataṃ
santānaṃ
satānaṃ",,,,,,,,,,,,,,,,,,,,,pr 3rd,"ti
ati",,anti,,ate,,"ante
are",,
,,,,,,,,,,,,,,,,,,,,,,,,,,,,,,,,,,,,,,,,,,,,,,,,,,,,,,,,loc,"sante
santamhi
santasmiṃ",m.loc.sg,santesu,,,,,,,,,,,,,,,,,,,,,pr 2nd,asi,,atha,,ase,,avhe,,
,,,,,,,,,,,,,,,,,,,,,,,,,,,,,,,,,,,,,,,,,,,,,,,,,,,,,,,,voc,santa,m.voc.sg,"santo
santā",,,,,,,,,,,,,,,,,,,,,pr 1st,āmi,,āma,,e,,āmhe,,
,,,,,,,,,,,,,,,,,,,,,,,,,,,,,,,,,,,,,,,,,,,,,,,,,,,,,,,,in comps,santa,,,,,,,,,,,,,,,,,,,,,,,,,,,,,,,,
,,,,,,,,,,,,,,,,,,,,,,,,,,,,,,,,,,,,,,,,,,,,,,,,,,,,,,,,,,,,,,,,,,,,,,,,,,,,,,,,dā opt,sg,,pl,,reflx sg,,reflx pl,,
,,,,,,,,,,,,,,,,,,,,,,,,,,,,,,,,,,,,,,,,,,,,,,,,,,,,,,,,go m,masc sg,,masc pl,,,,,,,,,,,,,,,,,,,,,opt 3rd,"dade
dadeyya
dajjeyya
dajjādajje
deyya",,"dadeyyuṃ
dajjeyyuṃ
dajjuṃ
deyyūṃ",,"dadetha
dajjetha",,"daderaṃ
dajjeraṃ",,
,,,,,,,,,,,,,,,,,,,,,,,,,,,,,,,,,,,,,,,,,,,,,,,,,,,,,,,,nom,go,m.nom.sg,"gāvo
gavo",,,,,,,,,,,,,,,,,,,,,opt 2nd,"dadeyyāsi
dajjeyyāsi
dajjāsi
deyyāsi",,"dadeyyātha
dajjeyyātha
dajjātha
deyyātha",,"dadetho
dajjetho",,"dadeyyavho
dajjavho",,
,,,,,,,,,,,,,,,,,,,,,,,,,,,,,,,,,,,,,,,,,,,,,,,,,,,,,,,,acc,"gāvuṃ
gāvaṃ
gavaṃ",m.acc.sg,"gāvo
gavo",,,,,,,,,,,,,,,,,,,,,opt 1st,"dadeyyāmi
dajjeyyāmi
dajjāmi
deyyāmi",,"dadeyyāma
dajjeyyāma
dajjāma
deyyāma",,"dadeyyaṃ
dajjaṃ",,"dadeyyāmhe
dajjāmhe",,
,,,,,,,,,,,,,,,,,,,,,,,,,,,,,,,,,,,,,,,,,,,,,,,,,,,,,,,,instr,"gāvena
gavena",m.instr.sg,"gohi
gobhi",,,,,,,,,,,,,,,,,,,,,,,,,,,,,,
,,,,,,,,,,,,,,,,,,,,,,,,,,,,,,,,,,,,,,,,,,,,,,,,,,,,,,,,dat,"gāvassa
gavassa",m.dat.sg,"gavaṃ
gunnaṃ
gonaṃ",,,,,,,,,,,,,,,,,,,,,a perf,sg,,pl,,reflx sg,,reflx pl,,
,,,,,,,,,,,,,,,,,,,,,,,,,,,,,,,,,,,,,,,,,,,,,,,,,,,,,,,,abl,"gāvā
gāvasmā
gāvamhā
gavā
gavasmā
gavamhā",m.abl.sg,"gohi
gobhi",,,,,,,,,,,,,,,,,,,,,perf 3rd,a,,ū,,ittha,,ire,,
,,,,,,,,,,,,,,,,,,,,,,,,,,,,,,,,,,,,,,,,,,,,,,,,,,,,,,,,gen,"gāvassa
gavassa",m.gen.sg,"gavaṃ
gunnaṃ
gonaṃ",,,,,,,,,,,,,,,,,,,,,perf 2nd,e,,ittha,,ittho,,ivho,,
,,,,,,,,,,,,,,,,,,,,,,,,,,,,,,,,,,,,,,,,,,,,,,,,,,,,,,,,loc,"gāve
gāvasmiṃ
gāvamhi
gave
gavasmiṃ
gavamhi",m.loc.sg,"gāvesu
gavesu
gosu",,,,,,,,,,,,,,,,,,,,,perf 1st,aṃ,,"imha
imhā",,iṃ,,imhe,,
,,,,,,,,,,,,,,,,,,,,,,,,,,,,,,,,,,,,,,,,,,,,,,,,,,,,,,,,voc,go,m.voc.sg,gāvogavo,,,,,,,,,,,,,,,,,,,,,,,,,,,,,,
,,,,,,,,,,,,,,,,,,,,,,,,,,,,,,,,,,,,,,,,,,,,,,,,,,,,,,,,in comps,santa,,,,,,,,,,,,,,,,,,,,,,,vac imperf,sg,,pl,,reflx sg,,reflx pl,,
,,,,,,,,,,,,,,,,,,,,,,,,,,,,,,,,,,,,,,,,,,,,,,,,,,,,,,,,,,,,,,,,,,,,,,,,,,,,,,,,imperf 3rd,"avaca
avacā",,avacū,,avacuttha,,avacatthuṃ,,
,,,,,,,,,,,,,,,,,,,,,,,,,,,,,,,,,,,,,,,,,,,,,,,,,,,,,,,,anta m,masc sg,,masc pl,,,,,,,,,,,,,,,,,,,,,imperf 2nd,avaco,,avacuttha,,avacase,,avacavhaṃ,,
,,,,,,,,,,,,,,,,,,,,,,,,,,,,,,,,,,,,,,,,,,,,,,,,,,,,,,,,nom,anto,m.nom.sg,"anto
antā",,,,,,,,,,,,,,,,,,,,,imperf 1st,avacaṃ,,avacumhā,,avaciṃ,,avacāmhase,,
,,,,,,,,,,,,,,,,,,,,,,,,,,,,,,,,,,,,,,,,,,,,,,,,,,,,,,,,acc,antaṃ,m.acc.sg,ante,,,,,,,,,,,,,,,,,,,,,,,,,,,,,,
,,,,,,,,,,,,,,,,,,,,,,,,,,,,,,,,,,,,,,,,,,,,,,,,,,,,,,,,instr,antena,m.instr.sg,antehi,,,,,,,,,,,,,,,,,,,,,su aor,sg,,pl,,,,,,
,,,,,,,,,,,,,,,,,,,,,,,,,,,,,,,,,,,,,,,,,,,,,,,,,,,,,,,,dat,antassa,m.dat.sg,"antānaṃ
",,,,,,,,,,,,,,,,,,,,,aor 3rd,"asuṇi
assosi",,"asuṇiṃsu
assosuṃ",,,,,,
,,,,,,,,,,,,,,,,,,,,,,,,,,,,,,,,,,,,,,,,,,,,,,,,,,,,,,,,abl,"antamhā
antasmā
antā",m.abl.sg,antehi,,,,,,,,,,,,,,,,,,,,,aor 2nd,"asuṇo
assosi",,"asuṇittha
assuttha",,,,,,
,,,,,,,,,,,,,,,,,,,,,,,,,,,,,,,,,,,,,,,,,,,,,,,,,,,,,,,,gen,antassa,m.gen.sg,"antānaṃ
",,,,,,,,,,,,,,,,,,,,,aor 1st,"asuṇiṃ
assosiṃ",,"asuṇimha
assumha",,,,,,
,,,,,,,,,,,,,,,,,,,,,,,,,,,,,,,,,,,,,,,,,,,,,,,,,,,,,,,,loc,"ante
antamhi
antasmiṃ",m.loc.sg,antesu,,,,,,,,,,,,,,,,,,,,,,,,,,,,,,
,,,,,,,,,,,,,,,,,,,,,,,,,,,,,,,,,,,,,,,,,,,,,,,,,,,,,,,,voc,"anta
ante",m.voc.sg,"anto
antā
ante",,,,,,,,,,,,,,,,,,,,,dā pr,sg,,pl,,,,,,
,,,,,,,,,,,,,,,,,,,,,,,,,,,,,,,,,,,,,,,,,,,,,,,,,,,,,,,,in comps,anta,,,,,,,,,,,,,,,,,,,,,,,pr 3rd,deti,,denti,,,,,,
,,,,,,,,,,,,,,,,,,,,,,,,,,,,,,,,,,,,,,,,,,,,,,,,,,,,,,,,,,,,,,,,,,,,,,,,,,,,,,,,pr 2nd,desi,,detha,,,,,,
,,,,,,,,,,,,,,,,,,,,,,,,,,,,,,,,,,,,,,,,,,,,,,,,,,,,,,,,ā letter,masc sg,,masc pl,,,,,,,,,,,,,,,,,,,,,pr 1st,"demi
dammi",,"dema
damma",,,,,,
,,,,,,,,,,,,,,,,,,,,,,,,,,,,,,,,,,,,,,,,,,,,,,,,,,,,,,,,nom,ā,m.nom.sg,ā,,,,,,,,,,,,,,,,,,,,,,,,,,,,,,
,,,,,,,,,,,,,,,,,,,,,,,,,,,,,,,,,,,,,,,,,,,,,,,,,,,,,,,,acc,āṃ,m.acc.sg,e,,,,,,,,,,,,,,,,,,,,,brū pr,sg,,pl,,relfx sg,,relfx pl,,
,,,,,,,,,,,,,,,,,,,,,,,,,,,,,,,,,,,,,,,,,,,,,,,,,,,,,,,,instr,ena,m.instr.sg,"ehi
ebhi",,,,,,,,,,,,,,,,,,,,,pr 3rd,"brūti
bravīti",pr.3.sg,bruvanti,pr.3.pl,brūte,pr.reflx.3.sg,bruvante,pr.reflx.3.pl,
,,,,,,,,,,,,,,,,,,,,,,,,,,,,,,,,,,,,,,,,,,,,,,,,,,,,,,,,dat,"āya
āssa",m.dat.sg,ānaṃ,,,,,,,,,,,,,,,,,,,,,pr 2nd,brūsi,pr.2.sg,brūtha,pr.2.pl,brūse,pr.reflx.2.sg,bruvhe,pr.reflx.2.pl,
,,,,,,,,,,,,,,,,,,,,,,,,,,,,,,,,,,,,,,,,,,,,,,,,,,,,,,,,abl,"ā
āmhā
āsmā",m.abl.sg,"ehi
ebhi",,,,,,,,,,,,,,,,,,,,,pr 1st,brūmi,pr.1.sg,brūma,pr.1.pl,bruve,pr.reflx.1.sg,brumhe,pr.reflx.1.pl,
,,,,,,,,,,,,,,,,,,,,,,,,,,,,,,,,,,,,,,,,,,,,,,,,,,,,,,,,gen,āssa,m.gen.sg,ānaṃ,,,,,,,,,,,,,,,,,,,,,imp 3rd,"brūtu
 bravitu",imp.3.sg,bruvantu,imp.3.pl,,imp.reflx.3.sg,,imp.reflx.3.pl,
,,,,,,,,,,,,,,,,,,,,,,,,,,,,,,,,,,,,,,,,,,,,,,,,,,,,,,,,loc,"e
āmhi
āsmiṃ",m.loc.sg,esu,,,,,,,,,,,,,,,,,,,,,imp 2nd,brūhi,imp.2.sg,brūtha,imp.2.pl,,imp.reflx.2.sg,,imp.reflx.2.pl,
,,,,,,,,,,,,,,,,,,,,,,,,,,,,,,,,,,,,,,,,,,,,,,,,,,,,,,,,voc,ā,m.voc.sg,ā,,,,,,,,,,,,,,,,,,,,,imp 1st,brūmi,imp.1.sg,brūma,imp.1.pl,,imp.reflx.1.sg,,imp.reflx.1.pl,
,,,,,,,,,,,,,,,,,,,,,,,,,,,,,,,,,,,,,,,,,,,,,,,,,,,,,,,,in comps,ā,,,,,,,,,,,,,,,,,,,,,,,opt 3rd,"bruve
 bruveyya",opt.3.sg,bruveyyuṃ,opt.3.pl,bruvetha,opt.reflx.3.sg,bruveraṃ,opt.reflx.3.pl,
,,,,,,,,,,,,,,,,,,,,,,,,,,,,,,,,,,,,,,,,,,,,,,,,,,,,,,,,,,,,,,,,,,,,,,,,,,,,,,,,opt 2nd,bruveyyāsi,opt.2.sg,bruveyyātha,opt.2.pl,bruvetho,opt.reflx.2.sg,bruveyyavho,opt.reflx.2.pl,
,,,,,,,,,,,,,,,,,,,,,,,,,,,,,,,,,,,,,,,,,,,,,,,,,,,,,,,,,,,,,,,,,,,,,,,,,,,,,,,,opt 1st,bruveyyāmi,opt.1.sg,bruveyyāma,opt.1.pl,bruveyyaṃ,opt.reflx.1.sg,bruveyyāmhe,opt.reflx.1.pl,
,,,,,,,,,,,,,,,,,,,,,,,,,,,,,,,,,,,,,,,,,,,,,,,,,,,,,,,,,,,,,,,,,,,,,,,,,,,,,,,,fut 3rd,bravissati,fut.3.sg,bravissanti,fut.3.pl,bravissate,fut.reflx.3.sg,bravissante,fut.reflx.3.pl,
,,,,,,,,,,,,,,,,,,,,,,,,,,,,,,,,,,,,,,,,,,,,,,,,,,,,,,,,,,,,,,,,,,,,,,,,,,,,,,,,fut 2nd,bravissasi,fut.2.sg,bravissatha,fut.2.pl,bravissase,fut.reflx.2.sg,bravissavhe,fut.reflx.2.pl,
,,,,,,,,,,,,,,,,,,,,,,,,,,,,,,,,,,,,,,,,,,,,,,,,,,,,,,,,,,,,,,,,,,,,,,,,,,,,,,,,fut 1st,bravissāmi,fut.1.sg,bravissāma,fut.1.pl,bravissaṃ,fut.reflx.1.sg,bravissāmhe,fut.reflx.1.pl,
,,,,,,,,,,,,,,,,,,,,,,,,,,,,,,,,,,,,,,,,,,,,,,,,,,,,,,,,,,,,,,,,,,,,,,,,,,,,,,,,,,,,,,,,,
,,,,,,,,,,,,,,,,,,,,,,,,,,,,,,,,,,,,,,,,,,,,,,,,,,,,,,,,,,,,,,,,,,,,,,,,,,,,,,,,kar pr,sg,,pl,,reflx sg,,reflx pl,,
,,,,,,,,,,,,,,,,,,,,,,,,,,,,,,,,,,,,,,,,,,,,,,,,,,,,,,,,,,,,,,,,,,,,,,,,,,,,,,,,pr 3rd,"karoti
kubbati",pr.3.sg,"karonti
kubbanti",pr.3.pl,"kurute
kubbate",pr.reflx.3.sg,kubbante,pr.reflx.3.pl,
,,,,,,,,,,,,,,,,,,,,,,,,,,,,,,,,,,,,,,,,,,,,,,,,,,,,,,,,,,,,,,,,,,,,,,,,,,,,,,,,pr 2nd,"karosi
kubbasi",pr.2.sg,"karotha
kubbatha",pr.2.pl,"kuruse
kubbase",pr.reflx.2.sg,"kuruvhe
kubbavhe",pr.reflx.2.pl,
,,,,,,,,,,,,,,,,,,,,,,,,,,,,,,,,,,,,,,,,,,,,,,,,,,,,,,,,,,,,,,,,,,,,,,,,,,,,,,,,pr 1st,"karomi
kubbāmi",pr.1.sg,"karoma
kubbāma",pr.1.pl,"kare
kubbe",pr.reflx.1.sg,"kurumhe
kubbamhe",pr.reflx.1.pl,
,,,,,,,,,,,,,,,,,,,,,,,,,,,,,,,,,,,,,,,,,,,,,,,,,,,,,,,,,,,,,,,,,,,,,,,,,,,,,,,,imp 3rd,"karotu
kubbatu",imp.3.sg,"kabntu
kubbantu",imp.3.pl,"kurutaṃ
kubbataṃ",imp.reflx.3.sg,kubbantaṃ,imp.reflx.3.pl,
,,,,,,,,,,,,,,,,,,,,,,,,,,,,,,,,,,,,,,,,,,,,,,,,,,,,,,,,,,,,,,,,,,,,,,,,,,,,,,,,imp 2nd,"karohi
kubbāhi",imp.2.sg,"karotha
kubbatha",imp.2.pl,"karassu
kurussu
kubbassu",imp.reflx.2.sg,"kuruvho
kubbavho",imp.reflx.2.pl,
,,,,,,,,,,,,,,,,,,,,,,,,,,,,,,,,,,,,,,,,,,,,,,,,,,,,,,,,,,,,,,,,,,,,,,,,,,,,,,,,imp 1st,"karomi
kubbāmi",imp.1.sg,"karoma
kubbāma",imp.1.pl,"kare
kubbe",imp.reflx.1.sg,"karomase
kubbāmase",imp.reflx.1.pl,
,,,,,,,,,,,,,,,,,,,,,,,,,,,,,,,,,,,,,,,,,,,,,,,,,,,,,,,,,,,,,,,,,,,,,,,,,,,,,,,,opt 3rd,"kare
kareyya
kayirā
kubbe
kubbeyya
kubbaye",opt.3.sg,"kareyyuṃ
kubbeyyuṃ
kayiruṃ",opt.3.pl,"kayirātha
kubbetha",opt.reflx.3.sg,kubberaṃ,opt.reflx.3.pl,
,,,,,,,,,,,,,,,,,,,,,,,,,,,,,,,,,,,,,,,,,,,,,,,,,,,,,,,,,,,,,,,,,,,,,,,,,,,,,,,,opt 2nd,"kareyyāsi
kubbeyyāsi
kayirāsi",opt.2.sg,"kareyyātha
kubeyyātha
kayirātha",opt.2.pl,kubbetho,opt.reflx.2.sg,kubbeyyavho,opt.reflx.2.pl,
,,,,,,,,,,,,,,,,,,,,,,,,,,,,,,,,,,,,,,,,,,,,,,,,,,,,,,,,,,,,,,,,,,,,,,,,,,,,,,,,opt 1st,"kareyyāmi
kubeyyāmi
kayirāmi",opt.1.sg,"kareyyāma
kubeyyāma
kayirāma",opt.1.pl,"karekareyyaṃ
kubbeyyaṃ",opt.reflx.1.sg,"kareyyāmhe
kubbeyyāmhe",opt.reflx.1.pl,
,,,,,,,,,,,,,,,,,,,,,,,,,,,,,,,,,,,,,,,,,,,,,,,,,,,,,,,,,,,,,,,,,,,,,,,,,,,,,,,,fut 3rd,"karissati
kāhati
kāhiti",fut.3.sg,"karissanti
kāhanti
kāhinti",fut.3.pl,"karissate
kāhate",fut.reflx.3.sg,"karissante
kāhante",fut.reflx.3.pl,
,,,,,,,,,,,,,,,,,,,,,,,,,,,,,,,,,,,,,,,,,,,,,,,,,,,,,,,,,,,,,,,,,,,,,,,,,,,,,,,,fut 2nd,"karissasi
kāhasi
kāhisi",fut.2.sg,"karissatha
kāhattha",fut.2.pl,"karissase
kāhase",fut.reflx.2.sg,"karissavhe
kāhavhe",fut.reflx.2.pl,
,,,,,,,,,,,,,,,,,,,,,,,,,,,,,,,,,,,,,,,,,,,,,,,,,,,,,,,,,,,,,,,,,,,,,,,,,,,,,,,,fut 1st,"karissāmi
kassāma
karissaṃ
kassaṃ
kāhāmi",fut.1.sg,"karissāma
kassāma
kahāma",fut.1.pl,"karisse
kāhe",fut.reflx.1.sg,"karissāmhe
kāhamhe",fut.reflx.1.pl,
,,,,,,,,,,,,,,,,,,,,,,,,,,,,,,,,,,,,,,,,,,,,,,,,,,,,,,,,,,,,,,,,,,,,,,,,,,,,,,,,,,,,,,,,,
,,,,,,,,,,,,,,,,,,,,,,,,,,,,,,,,,,,,,,,,,,,,,,,,,,,,,,,,,,,,,,,,,,,,,,,,,,,,,,,,āti fut,sg,,pl,,,,,,
,,,,,,,,,,,,,,,,,,,,,,,,,,,,,,,,,,,,,,,,,,,,,,,,,,,,,,,,,,,,,,,,,,,,,,,,,,,,,,,,fut 3rd,āti,,anti,,,,,,
,,,,,,,,,,,,,,,,,,,,,,,,,,,,,,,,,,,,,,,,,,,,,,,,,,,,,,,,,,,,,,,,,,,,,,,,,,,,,,,,fut 2nd,āsi,,ātha,,,,,,
,,,,,,,,,,,,,,,,,,,,,,,,,,,,,,,,,,,,,,,,,,,,,,,,,,,,,,,,,,,,,,,,,,,,,,,,,,,,,,,,fut 1st,āmi,,āma,,,,,,
,,,,,,,,,,,,,,,,,,,,,,,,,,,,,,,,,,,,,,,,,,,,,,,,,,,,,,,,,,,,,,,,,,,,,,,,,,,,,,,,,,,,,,,,,
,,,,,,,,,,,,,,,,,,,,,,,,,,,,,,,,,,,,,,,,,,,,,,,,,,,,,,,,,,,,,,,,,,,,,,,,,,,,,,,,har aor,sg,,pl,,,,,,
,,,,,,,,,,,,,,,,,,,,,,,,,,,,,,,,,,,,,,,,,,,,,,,,,,,,,,,,,,,,,,,,,,,,,,,,,,,,,,,,aor 3rd,"hari
hāsi",,"hariṃsu
haṃsu",,,,,,
,,,,,,,,,,,,,,,,,,,,,,,,,,,,,,,,,,,,,,,,,,,,,,,,,,,,,,,,,,,,,,,,,,,,,,,,,,,,,,,,aor 2nd,"haro
hari
hāsi",,"harittha
hāsittha",,,,,,
,,,,,,,,,,,,,,,,,,,,,,,,,,,,,,,,,,,,,,,,,,,,,,,,,,,,,,,,,,,,,,,,,,,,,,,,,,,,,,,,aor 1st,"hariṃ
hāsiṃ",,"harimha
harimhā
hāsimha",,,,,,
,,,,,,,,,,,,,,,,,,,,,,,,,,,,,,,,,,,,,,,,,,,,,,,,,,,,,,,,,,,,,,,,,,,,,,,,,,,,,,,,,,,,,,,,,
,,,,,,,,,,,,,,,,,,,,,,,,,,,,,,,,,,,,,,,,,,,,,,,,,,,,,,,,,,,,,,,,,,,,,,,,,,,,,,,,dakkh pr,sg,,pl,,reflx sg,,reflx pl,,
,,,,,,,,,,,,,,,,,,,,,,,,,,,,,,,,,,,,,,,,,,,,,,,,,,,,,,,,,,,,,,,,,,,,,,,,,,,,,,,,pr 3rd,"dakkhati
dakkhiti",,"dakkhanti
dakkhinti",,dakkhate,,"dakkhante
dakkhare",,
,,,,,,,,,,,,,,,,,,,,,,,,,,,,,,,,,,,,,,,,,,,,,,,,,,,,,,,,,,,,,,,,,,,,,,,,,,,,,,,,pr 2nd,dakkhasi,,dakkhatha,,dakkhase,,dakkhavhe,,
,,,,,,,,,,,,,,,,,,,,,,,,,,,,,,,,,,,,,,,,,,,,,,,,,,,,,,,,,,,,,,,,,,,,,,,,,,,,,,,,pr 1st,dakkhāmi,,dakkhāma,,dakkhe,,dakkhāmhe,,
,,,,,,,,,,,,,,,,,,,,,,,,,,,,,,,,,,,,,,,,,,,,,,,,,,,,,,,,,,,,,,,,,,,,,,,,,,,,,,,,fut 3rd,"dakkhiti
dakkhissati",,"dakkhinti
dakkhissanti",,dakkhissate,,dakkhissante,,
,,,,,,,,,,,,,,,,,,,,,,,,,,,,,,,,,,,,,,,,,,,,,,,,,,,,,,,,,,,,,,,,,,,,,,,,,,,,,,,,fut 2nd,"dakkhisi
dakkhissasi",,dakkhissatha,,dakkhissase,,dakkhissavhe,,
,,,,,,,,,,,,,,,,,,,,,,,,,,,,,,,,,,,,,,,,,,,,,,,,,,,,,,,,,,,,,,,,,,,,,,,,,,,,,,,,fut 1st,dakkhissāmi,,dakkhissāma,,"dakkhissaṃ
dacchaṃ",,dakkhissāmhe,,
,,,,,,,,,,,,,,,,,,,,,,,,,,,,,,,,,,,,,,,,,,,,,,,,,,,,,,,,,,,,,,,,,,,,,,,,,,,,,,,,,,,,,,,,,
,,,,,,,,,,,,,,,,,,,,,,,,,,,,,,,,,,,,,,,,,,,,,,,,,,,,,,,,,,,,,,,,,,,,,,,,,,,,,,,,,,,,,,,,,
,,,,,,,,,,,,,,,,,,,,,,,,,,,,,,,,,,,,,,,,,,,,,,,,,,,,,,,,,,,,,,,,,,,,,,,,,,,,,,,,,,,,,,,,,
,,,,,,,,,,,,,,,,,,,,,,,,,,,,,,,,,,,,,,,,,,,,,,,,,,,,,,,,,,,,,,,,,,,,,,,,,,,,,,,,,,,,,,,,,
,,,,,,,,,,,,,,,,,,,,,,,,,,,,,,,,,,,,,,,,,,,,,,,,,,,,,,,,,,,,,,,,,,,,,,,,,,,,,,,,,,,,,,,,,
,,,,,,,,,,,,,,,,,,,,,,,,,,,,,,,,,,,,,,,,,,,,,,,,,,,,,,,,,,,,,,,,,,,,,,,,,,,,,,,,,,,,,,,,,
,,,,,,,,,,,,,,,,,,,,,,,,,,,,,,,,,,,,,,,,,,,,,,,,,,,,,,,,,,,,,,,,,,,,,,,,,,,,,,,,,,,,,,,,,
,,,,,,,,,,,,,,,,,,,,,,,,,,,,,,,,,,,,,,,,,,,,,,,,,,,,,,,,,,,,,,,,,,,,,,,,,,,,,,,,,,,,,,,,,
,,,,,,,,,,,,,,,,,,,,,,,,,,,,,,,,,,,,,,,,,,,,,,,,,,,,,,,,,,,,,,,,,,,,,,,,,,,,,,,,,,,,,,,,,
,,,,,,,,,,,,,,,,,,,,,,,,,,,,,,,,,,,,,,,,,,,,,,,,,,,,,,,,,,,,,,,,,,,,,,,,,,,,,,,,,,,,,,,,,
,,,,,,,,,,,,,,,,,,,,,,,,,,,,,,,,,,,,,,,,,,,,,,,,,,,,,,,,,,,,,,,,,,,,,,,,,,,,,,,,,,,,,,,,,
,,,,,,,,,,,,,,,,,,,,,,,,,,,,,,,,,,,,,,,,,,,,,,,,,,,,,,,,,,,,,,,,,,,,,,,,,,,,,,,,,,,,,,,,,
,,,,,,,,,,,,,,,,,,,,,,,,,,,,,,,,,,,,,,,,,,,,,,,,,,,,,,,,,,,,,,,,,,,,,,,,,,,,,,,,,,,,,,,,,
,,,,,,,,,,,,,,,,,,,,,,,,,,,,,,,,,,,,,,,,,,,,,,,,,,,,,,,,,,,,,,,,,,,,,,,,,,,,,,,,,,,,,,,,,
,,,,,,,,,,,,,,,,,,,,,,,,,,,,,,,,,,,,,,,,,,,,,,,,,,,,,,,,,,,,,,,,,,,,,,,,,,,,,,,,,,,,,,,,,
,,,,,,,,,,,,,,,,,,,,,,,,,,,,,,,,,,,,,,,,,,,,,,,,,,,,,,,,,,,,,,,,,,,,,,,,,,,,,,,,,,,,,,,,,
,,,,,,,,,,,,,,,,,,,,,,,,,,,,,,,,,,,,,,,,,,,,,,,,,,,,,,,,,,,,,,,,,,,,,,,,,,,,,,,,,,,,,,,,,
,,,,,,,,,,,,,,,,,,,,,,,,,,,,,,,,,,,,,,,,,,,,,,,,,,,,,,,,,,,,,,,,,,,,,,,,,,,,,,,,,,,,,,,,,
,,,,,,,,,,,,,,,,,,,,,,,,,,,,,,,,,,,,,,,,,,,,,,,,,,,,,,,,,,,,,,,,,,,,,,,,,,,,,,,,,,,,,,,,,
,,,,,,,,,,,,,,,,,,,,,,,,,,,,,,,,,,,,,,,,,,,,,,,,,,,,,,,,,,,,,,,,,,,,,,,,,,,,,,,,,,,,,,,,,
,,,,,,,,,,,,,,,,,,,,,,,,,,,,,,,,,,,,,,,,,,,,,,,,,,,,,,,,,,,,,,,,,,,,,,,,,,,,,,,,,,,,,,,,,
,,,,,,,,,,,,,,,,,,,,,,,,,,,,,,,,,,,,,,,,,,,,,,,,,,,,,,,,,,,,,,,,,,,,,,,,,,,,,,,,,,,,,,,,,
,,,,,,,,,,,,,,,,,,,,,,,,,,,,,,,,,,,,,,,,,,,,,,,,,,,,,,,,,,,,,,,,,,,,,,,,,,,,,,,,,,,,,,,,,
,,,,,,,,,,,,,,,,,,,,,,,,,,,,,,,,,,,,,,,,,,,,,,,,,,,,,,,,,,,,,,,,,,,,,,,,,,,,,,,,,,,,,,,,,
,,,,,,,,,,,,,,,,,,,,,,,,,,,,,,,,,,,,,,,,,,,,,,,,,,,,,,,,,,,,,,,,,,,,,,,,,,,,,,,,,,,,,,,,,
,,,,,,,,,,,,,,,,,,,,,,,,,,,,,,,,,,,,,,,,,,,,,,,,,,,,,,,,,,,,,,,,,,,,,,,,,,,,,,,,,,,,,,,,,
,,,,,,,,,,,,,,,,,,,,,,,,,,,,,,,,,,,,,,,,,,,,,,,,,,,,,,,,,,,,,,,,,,,,,,,,,,,,,,,,,,,,,,,,,
,,,,,,,,,,,,,,,,,,,,,,,,,,,,,,,,,,,,,,,,,,,,,,,,,,,,,,,,,,,,,,,,,,,,,,,,,,,,,,,,,,,,,,,,,
,,,,,,,,,,,,,,,,,,,,,,,,,,,,,,,,,,,,,,,,,,,,,,,,,,,,,,,,,,,,,,,,,,,,,,,,,,,,,,,,,,,,,,,,,
,,,,,,,,,,,,,,,,,,,,,,,,,,,,,,,,,,,,,,,,,,,,,,,,,,,,,,,,,,,,,,,,,,,,,,,,,,,,,,,,,,,,,,,,,
,,,,,,,,,,,,,,,,,,,,,,,,,,,,,,,,,,,,,,,,,,,,,,,,,,,,,,,,,,,,,,,,,,,,,,,,,,,,,,,,,,,,,,,,,
,,,,,,,,,,,,,,,,,,,,,,,,,,,,,,,,,,,,,,,,,,,,,,,,,,,,,,,,,,,,,,,,,,,,,,,,,,,,,,,,,,,,,,,,,
,,,,,,,,,,,,,,,,,,,,,,,,,,,,,,,,,,,,,,,,,,,,,,,,,,,,,,,,,,,,,,,,,,,,,,,,,,,,,,,,,,,,,,,,,
,,,,,,,,,,,,,,,,,,,,,,,,,,,,,,,,,,,,,,,,,,,,,,,,,,,,,,,,,,,,,,,,,,,,,,,,,,,,,,,,,,,,,,,,,
